--
-- PostgreSQL database dump
--

\restrict YmjJYWMeFEasWf7Y7TKpDx0xxmaBvz7dodrGOrz11eYdmAd9yuwQSPIFqQkOZo9

-- Dumped from database version 15.17
-- Dumped by pg_dump version 15.17

SET statement_timeout = 0;
SET lock_timeout = 0;
SET idle_in_transaction_session_timeout = 0;
SET client_encoding = 'UTF8';
SET standard_conforming_strings = on;
SELECT pg_catalog.set_config('search_path', '', false);
SET check_function_bodies = false;
SET xmloption = content;
SET client_min_messages = warning;
SET row_security = off;

SET default_tablespace = '';

SET default_table_access_method = heap;

--
-- Name: auth_group; Type: TABLE; Schema: public; Owner: postgres
--

CREATE TABLE public.auth_group (
    id integer NOT NULL,
    name character varying(150) NOT NULL
);


ALTER TABLE public.auth_group OWNER TO postgres;

--
-- Name: auth_group_id_seq; Type: SEQUENCE; Schema: public; Owner: postgres
--

ALTER TABLE public.auth_group ALTER COLUMN id ADD GENERATED BY DEFAULT AS IDENTITY (
    SEQUENCE NAME public.auth_group_id_seq
    START WITH 1
    INCREMENT BY 1
    NO MINVALUE
    NO MAXVALUE
    CACHE 1
);


--
-- Name: auth_group_permissions; Type: TABLE; Schema: public; Owner: postgres
--

CREATE TABLE public.auth_group_permissions (
    id bigint NOT NULL,
    group_id integer NOT NULL,
    permission_id integer NOT NULL
);


ALTER TABLE public.auth_group_permissions OWNER TO postgres;

--
-- Name: auth_group_permissions_id_seq; Type: SEQUENCE; Schema: public; Owner: postgres
--

ALTER TABLE public.auth_group_permissions ALTER COLUMN id ADD GENERATED BY DEFAULT AS IDENTITY (
    SEQUENCE NAME public.auth_group_permissions_id_seq
    START WITH 1
    INCREMENT BY 1
    NO MINVALUE
    NO MAXVALUE
    CACHE 1
);


--
-- Name: auth_permission; Type: TABLE; Schema: public; Owner: postgres
--

CREATE TABLE public.auth_permission (
    id integer NOT NULL,
    name character varying(255) NOT NULL,
    content_type_id integer NOT NULL,
    codename character varying(100) NOT NULL
);


ALTER TABLE public.auth_permission OWNER TO postgres;

--
-- Name: auth_permission_id_seq; Type: SEQUENCE; Schema: public; Owner: postgres
--

ALTER TABLE public.auth_permission ALTER COLUMN id ADD GENERATED BY DEFAULT AS IDENTITY (
    SEQUENCE NAME public.auth_permission_id_seq
    START WITH 1
    INCREMENT BY 1
    NO MINVALUE
    NO MAXVALUE
    CACHE 1
);


--
-- Name: auth_user; Type: TABLE; Schema: public; Owner: postgres
--

CREATE TABLE public.auth_user (
    id integer NOT NULL,
    password character varying(128) NOT NULL,
    last_login timestamp with time zone,
    is_superuser boolean NOT NULL,
    username character varying(150) NOT NULL,
    first_name character varying(150) NOT NULL,
    last_name character varying(150) NOT NULL,
    email character varying(254) NOT NULL,
    is_staff boolean NOT NULL,
    is_active boolean NOT NULL,
    date_joined timestamp with time zone NOT NULL
);


ALTER TABLE public.auth_user OWNER TO postgres;

--
-- Name: auth_user_groups; Type: TABLE; Schema: public; Owner: postgres
--

CREATE TABLE public.auth_user_groups (
    id bigint NOT NULL,
    user_id integer NOT NULL,
    group_id integer NOT NULL
);


ALTER TABLE public.auth_user_groups OWNER TO postgres;

--
-- Name: auth_user_groups_id_seq; Type: SEQUENCE; Schema: public; Owner: postgres
--

ALTER TABLE public.auth_user_groups ALTER COLUMN id ADD GENERATED BY DEFAULT AS IDENTITY (
    SEQUENCE NAME public.auth_user_groups_id_seq
    START WITH 1
    INCREMENT BY 1
    NO MINVALUE
    NO MAXVALUE
    CACHE 1
);


--
-- Name: auth_user_id_seq; Type: SEQUENCE; Schema: public; Owner: postgres
--

ALTER TABLE public.auth_user ALTER COLUMN id ADD GENERATED BY DEFAULT AS IDENTITY (
    SEQUENCE NAME public.auth_user_id_seq
    START WITH 1
    INCREMENT BY 1
    NO MINVALUE
    NO MAXVALUE
    CACHE 1
);


--
-- Name: auth_user_user_permissions; Type: TABLE; Schema: public; Owner: postgres
--

CREATE TABLE public.auth_user_user_permissions (
    id bigint NOT NULL,
    user_id integer NOT NULL,
    permission_id integer NOT NULL
);


ALTER TABLE public.auth_user_user_permissions OWNER TO postgres;

--
-- Name: auth_user_user_permissions_id_seq; Type: SEQUENCE; Schema: public; Owner: postgres
--

ALTER TABLE public.auth_user_user_permissions ALTER COLUMN id ADD GENERATED BY DEFAULT AS IDENTITY (
    SEQUENCE NAME public.auth_user_user_permissions_id_seq
    START WITH 1
    INCREMENT BY 1
    NO MINVALUE
    NO MAXVALUE
    CACHE 1
);


--
-- Name: books_book; Type: TABLE; Schema: public; Owner: postgres
--

CREATE TABLE public.books_book (
    id bigint NOT NULL,
    title character varying(255) NOT NULL,
    genre character varying(100),
    price numeric(6,2),
    description text
);


ALTER TABLE public.books_book OWNER TO postgres;

--
-- Name: books_book_id_seq; Type: SEQUENCE; Schema: public; Owner: postgres
--

ALTER TABLE public.books_book ALTER COLUMN id ADD GENERATED BY DEFAULT AS IDENTITY (
    SEQUENCE NAME public.books_book_id_seq
    START WITH 1
    INCREMENT BY 1
    NO MINVALUE
    NO MAXVALUE
    CACHE 1
);


--
-- Name: django_admin_log; Type: TABLE; Schema: public; Owner: postgres
--

CREATE TABLE public.django_admin_log (
    id integer NOT NULL,
    action_time timestamp with time zone NOT NULL,
    object_id text,
    object_repr character varying(200) NOT NULL,
    action_flag smallint NOT NULL,
    change_message text NOT NULL,
    content_type_id integer,
    user_id integer NOT NULL,
    CONSTRAINT django_admin_log_action_flag_check CHECK ((action_flag >= 0))
);


ALTER TABLE public.django_admin_log OWNER TO postgres;

--
-- Name: django_admin_log_id_seq; Type: SEQUENCE; Schema: public; Owner: postgres
--

ALTER TABLE public.django_admin_log ALTER COLUMN id ADD GENERATED BY DEFAULT AS IDENTITY (
    SEQUENCE NAME public.django_admin_log_id_seq
    START WITH 1
    INCREMENT BY 1
    NO MINVALUE
    NO MAXVALUE
    CACHE 1
);


--
-- Name: django_content_type; Type: TABLE; Schema: public; Owner: postgres
--

CREATE TABLE public.django_content_type (
    id integer NOT NULL,
    app_label character varying(100) NOT NULL,
    model character varying(100) NOT NULL
);


ALTER TABLE public.django_content_type OWNER TO postgres;

--
-- Name: django_content_type_id_seq; Type: SEQUENCE; Schema: public; Owner: postgres
--

ALTER TABLE public.django_content_type ALTER COLUMN id ADD GENERATED BY DEFAULT AS IDENTITY (
    SEQUENCE NAME public.django_content_type_id_seq
    START WITH 1
    INCREMENT BY 1
    NO MINVALUE
    NO MAXVALUE
    CACHE 1
);


--
-- Name: django_migrations; Type: TABLE; Schema: public; Owner: postgres
--

CREATE TABLE public.django_migrations (
    id bigint NOT NULL,
    app character varying(255) NOT NULL,
    name character varying(255) NOT NULL,
    applied timestamp with time zone NOT NULL
);


ALTER TABLE public.django_migrations OWNER TO postgres;

--
-- Name: django_migrations_id_seq; Type: SEQUENCE; Schema: public; Owner: postgres
--

ALTER TABLE public.django_migrations ALTER COLUMN id ADD GENERATED BY DEFAULT AS IDENTITY (
    SEQUENCE NAME public.django_migrations_id_seq
    START WITH 1
    INCREMENT BY 1
    NO MINVALUE
    NO MAXVALUE
    CACHE 1
);


--
-- Name: django_session; Type: TABLE; Schema: public; Owner: postgres
--

CREATE TABLE public.django_session (
    session_key character varying(40) NOT NULL,
    session_data text NOT NULL,
    expire_date timestamp with time zone NOT NULL
);


ALTER TABLE public.django_session OWNER TO postgres;

--
-- Data for Name: auth_group; Type: TABLE DATA; Schema: public; Owner: postgres
--

COPY public.auth_group (id, name) FROM stdin;
2	Users
1	Admins
\.


--
-- Data for Name: auth_group_permissions; Type: TABLE DATA; Schema: public; Owner: postgres
--

COPY public.auth_group_permissions (id, group_id, permission_id) FROM stdin;
1	1	25
2	1	26
3	1	27
4	1	28
5	2	12
\.


--
-- Data for Name: auth_permission; Type: TABLE DATA; Schema: public; Owner: postgres
--

COPY public.auth_permission (id, name, content_type_id, codename) FROM stdin;
1	Can add log entry	1	add_logentry
2	Can change log entry	1	change_logentry
3	Can delete log entry	1	delete_logentry
4	Can view log entry	1	view_logentry
5	Can add permission	2	add_permission
6	Can change permission	2	change_permission
7	Can delete permission	2	delete_permission
8	Can view permission	2	view_permission
9	Can add group	3	add_group
10	Can change group	3	change_group
11	Can delete group	3	delete_group
12	Can view group	3	view_group
13	Can add user	4	add_user
14	Can change user	4	change_user
15	Can delete user	4	delete_user
16	Can view user	4	view_user
17	Can add content type	5	add_contenttype
18	Can change content type	5	change_contenttype
19	Can delete content type	5	delete_contenttype
20	Can view content type	5	view_contenttype
21	Can add session	6	add_session
22	Can change session	6	change_session
23	Can delete session	6	delete_session
24	Can view session	6	view_session
25	Can add book	7	add_book
26	Can change book	7	change_book
27	Can delete book	7	delete_book
28	Can view book	7	view_book
\.


--
-- Data for Name: auth_user; Type: TABLE DATA; Schema: public; Owner: postgres
--

COPY public.auth_user (id, password, last_login, is_superuser, username, first_name, last_name, email, is_staff, is_active, date_joined) FROM stdin;
1	pbkdf2_sha256$1000000$9CuHl0ksHs2qj74MBDxgGD$NQ0SgOcjiEkCZjkmucVZmmLDpUNCRgWm8abW1xPLBUM=	2026-03-14 14:43:02.772491+00	t	admin			admin@example.com	t	t	2026-03-14 10:27:35.639607+00
3	pbkdf2_sha256$1000000$b9e6HXSyxnG1Ozh85mYnPu$1bUW3rr/Pjug6/6gihrbfagP/blb185n3HDCNT6wvLU=	2026-03-14 14:53:14.868857+00	f	UserAnkit				f	t	2026-03-14 10:39:33+00
2	pbkdf2_sha256$1000000$9gNSo5qOAgu3Je8EgOkJDM$RLxeXn9tBfAVch9YOfbVrg06bsm/LwXqGnWEOreyUNo=	2026-03-14 15:42:22.30933+00	f	AdminAnkit				f	t	2026-03-14 10:38:46+00
\.


--
-- Data for Name: auth_user_groups; Type: TABLE DATA; Schema: public; Owner: postgres
--

COPY public.auth_user_groups (id, user_id, group_id) FROM stdin;
1	2	1
2	3	2
\.


--
-- Data for Name: auth_user_user_permissions; Type: TABLE DATA; Schema: public; Owner: postgres
--

COPY public.auth_user_user_permissions (id, user_id, permission_id) FROM stdin;
\.


--
-- Data for Name: books_book; Type: TABLE DATA; Schema: public; Owner: postgres
--

COPY public.books_book (id, title, genre, price, description) FROM stdin;
2	Yayati	Fiction	50.00	A fictional mythology
5	A Flight of Arrows (The Pathfinders #2)	Historical Fiction	55.53	October 1776--August 1777It is said that what a man sows he will reap--and for such a harvest there is no set season. No one connected to Reginald Aubrey is untouched by the crime he committed twenty years ago. Not William, the Oneida child Reginald stole and raised as his own. Identity shattered, enlisted in the British army, William trains with Loyalist refugees eager to October 1776--August 1777It is said that what a man sows he will reap--and for such a harvest there is no set season. No one connected to Reginald Aubrey is untouched by the crime he committed twenty years ago. Not William, the Oneida child Reginald stole and raised as his own. Identity shattered, enlisted in the British army, William trains with Loyalist refugees eager to annihilate the rebels who forced them into exile. Coming to terms with who and what he is proves impossible, but if he breaks his Loyalist oath, he'll be no better than the man who constructed his life of lies.Not Anna, Reginald's adopted daughter, nor Two Hawks, William's twin, both who long for Reginald to accept their love despite the challenges they will face, building a marriage that bridges two cultures. Not Good Voice and Stone Thrower, freed of bitterness by a courageous act of forgiveness, but still yearning for their firstborn son and fearful for the future of their Oneida people.As the British prepare to attack frontier New York and Patriot regiments rally to defend it, two families separated by culture, united by love, will do all in their power to reclaim the son marching toward them in the ranks of their enemies. ...more
6	The House by the Lake	Historical Fiction	36.95	Anna is content with her well-ordered life in San Francisco. But her world is turned upside down when her beloved grandfather, Max, reveals a startling secret: Anna is part of an aristocratic family who lost everything during World War II. What’s more, Max was forced to leave behind a precious item over seventy years ago in their estate in old Prussia. It’s now his ardent Anna is content with her well-ordered life in San Francisco. But her world is turned upside down when her beloved grandfather, Max, reveals a startling secret: Anna is part of an aristocratic family who lost everything during World War II. What’s more, Max was forced to leave behind a precious item over seventy years ago in their estate in old Prussia. It’s now his ardent wish that Anna retrieve it.Anna burns with questions as she heads for Germany: What memento could be so important to her grandfather? And why did he keep their history hidden? As she searches for answers, she finds herself drawn to Wil, a man who may hold the key to unlock the mystery. Together they discover that her family’s secrets are linked with an abandoned apartment in Paris, and these secrets go deeper than she ever imagined.Alternating between 1930s Europe and the present, The House by the Lake illuminates the destiny of a family caught in the tumult of history. ...more
7	Mrs. Houdini	Historical Fiction	30.25	A captivating debut novel, meticulously researched and beautifully imagined, about the passionate marriage of Harry and Bess Houdini—a love story that defied death itself.Before escape artist Harry Houdini died, he vowed he would find a way to speak to his beloved wife Bess from beyond the grave using a coded message known only to the two of them. When a widowed Bess begin A captivating debut novel, meticulously researched and beautifully imagined, about the passionate marriage of Harry and Bess Houdini—a love story that defied death itself.Before escape artist Harry Houdini died, he vowed he would find a way to speak to his beloved wife Bess from beyond the grave using a coded message known only to the two of them. When a widowed Bess begins seeing this code in seemingly impossible places, it becomes clear that Harry has an urgent message to convey. Unlocking the puzzle will set Bess on a course back through the pair’s extraordinary romance, which swept the illusionist and his bride from the beaches of Coney Island, to the palaces of Budapest, to the back lots of Hollywood. When the mystery finally leads Bess to the doorstep of a mysterious young photographer, she realizes that her husband’s magic may have been more than just illusion.In surprising turns that weave through the uncertain days of the dawn of the twentieth century and continue into the dazzling 1920s, Mrs. Houdini is a thrilling tale that will take you deep into the heart of one of history’s greatest love stories—asking what drives people to believe in something bigger than themselves—even as it reveals the famous magician’s most remarkable feat of all. ...more
9	Glory over Everything: Beyond The Kitchen House	Historical Fiction	45.84	From the author of the New York Times bestseller and beloved book club favorite The Kitchen House, a novel of family and long-buried secrets along the treacherous Underground Railroad.Jamie Pyke, son of both a slave and master of Tall Oakes, has a deadly secret that compels him to take a treacherous journey through the Underground Railroad.Published in 2010, The Kitchen Ho From the author of the New York Times bestseller and beloved book club favorite The Kitchen House, a novel of family and long-buried secrets along the treacherous Underground Railroad.Jamie Pyke, son of both a slave and master of Tall Oakes, has a deadly secret that compels him to take a treacherous journey through the Underground Railroad.Published in 2010, The Kitchen House became a grassroots bestseller. Fans connected so deeply to the book’s characters that the author, Kathleen Grissom, found herself being asked over and over “what happens next?” The wait is finally over.This new, stand-alone novel opens in 1830, and Jamie, who fled from the Virginian plantation he once called home, is passing in Philadelphia society as a wealthy white silversmith. After many years of striving, Jamie has achieved acclaim and security, only to discover that his aristocratic lover Caroline is pregnant. Before he can reveal his real identity to her, he learns that his beloved servant Pan has been captured and sold into slavery in the South. Pan’s father, to whom Jamie owes a great debt, pleads for Jamie’s help, and Jamie agrees, knowing the journey will take him perilously close to Tall Oakes and the ruthless slave hunter who is still searching for him. Meanwhile, Caroline’s father learns and exposes Jamie’s secret, and Jamie loses his home, his business, and finally Caroline.Heartbroken and with nothing to lose, Jamie embarks on a trip to a North Carolina plantation where Pan is being held with a former Tall Oakes slave named Sukey, who is intent on getting Pan to the Underground Railroad. Soon the three of them are running through the Great Dismal Swamp, the notoriously deadly hiding place for escaped slaves. Though they have help from those in the Underground Railroad, not all of them will make it out alive. ...more
10	Love, Lies and Spies	Historical Fiction	20.55	Juliana Telford is not your average nineteenth-century young lady. She’s much more interested in researching ladybugs than marriage, fashionable dresses, or dances. So when her father sends her to London for a season, she’s determined not to form any attachments. Instead, she plans to secretly publish their research.Spencer Northam is not the average young gentleman of lei Juliana Telford is not your average nineteenth-century young lady. She’s much more interested in researching ladybugs than marriage, fashionable dresses, or dances. So when her father sends her to London for a season, she’s determined not to form any attachments. Instead, she plans to secretly publish their research.Spencer Northam is not the average young gentleman of leisure he appears. He is actually a spy for the War Office, and is more focused on acing his first mission than meeting eligible ladies. Fortunately, Juliana feels the same, and they agree to pretend to fall for each other. Spencer can finally focus, until he is tasked with observing Juliana’s traveling companions . . . and Juliana herself. ...more
17	Girl With a Pearl Earring	Historical Fiction	26.77	With precisely 35 canvases to his credit, the Dutch painter Johannes Vermeer represents one of the great enigmas of 17th-century art. The meager facts of his biography have been gleaned from a handful of legal documents. Yet Vermeer's extraordinary paintings of domestic life, with their subtle play of light and texture, have come to define the Dutch golden age. His portrai With precisely 35 canvases to his credit, the Dutch painter Johannes Vermeer represents one of the great enigmas of 17th-century art. The meager facts of his biography have been gleaned from a handful of legal documents. Yet Vermeer's extraordinary paintings of domestic life, with their subtle play of light and texture, have come to define the Dutch golden age. His portrait of the anonymous Girl with a Pearl Earring has exerted a particular fascination for centuries--and it is this magnetic painting that lies at the heart of Tracy Chevalier's second novel of the same title.Girl with a Pearl Earring centers on Vermeer's prosperous Delft household during the 1660s. When Griet, the novel's quietly perceptive heroine, is hired as a servant, turmoil follows. First, the 16-year-old narrator becomes increasingly intimate with her master. Then Vermeer employs her as his assistant--and ultimately has Griet sit for him as a model. ...more
13	The Constant Princess (The Tudor Court #1)	Historical Fiction	16.62	"I am Catalina, Princess of Spain, daughter of the two greatest monarchs the world has ever known...and I will be Queen of England."Thus, bestselling author Philippa Gregory introduces one of her most unforgettable heroines: Katherine of Aragon. Known to history as the Queen who was pushed off her throne by Anne Boleyn, here is a Katherine the world has forgotten: the ench "I am Catalina, Princess of Spain, daughter of the two greatest monarchs the world has ever known...and I will be Queen of England."Thus, bestselling author Philippa Gregory introduces one of her most unforgettable heroines: Katherine of Aragon. Known to history as the Queen who was pushed off her throne by Anne Boleyn, here is a Katherine the world has forgotten: the enchanting princess that all England loved. First married to Henry VIII's older brother, Arthur, Katherine's passion turns their arranged marriage into a love match; but when Arthur dies, the merciless English court and her ambitious parents -- the crusading King and Queen of Spain -- have to find a new role for the widow. Ultimately, it is Katherine herself who takes control of her own life by telling the most audacious lie in English history, leading her to the very pinnacle of power in England.Set in the rich beauty of Moorish Spain and the glamour of the Tudor court, The Constant Princess presents a woman whose constancy helps her endure betrayal, poverty, and despair, until the inevitable moment when she steps into the role she has prepared for all her life: Henry VIII's Queen, Regent, and commander of the English army in their greatest victory against Scotland. ...more
14	The Invention of Wings	Historical Fiction	37.34	Writing at the height of her narrative and imaginative gifts, Sue Monk Kidd presents a masterpiece of hope, daring, the quest for freedom, and the desire to have a voice in the world—and it is now the newest Oprah’s Book Club 2.0 selection.Hetty “Handful” Grimke, an urban slave in early nineteenth century Charleston, yearns for life beyond the suffocating walls that enclos Writing at the height of her narrative and imaginative gifts, Sue Monk Kidd presents a masterpiece of hope, daring, the quest for freedom, and the desire to have a voice in the world—and it is now the newest Oprah’s Book Club 2.0 selection.Hetty “Handful” Grimke, an urban slave in early nineteenth century Charleston, yearns for life beyond the suffocating walls that enclose her within the wealthy Grimke household. The Grimke’s daughter, Sarah, has known from an early age she is meant to do something large in the world, but she is hemmed in by the limits imposed on women.Kidd’s sweeping novel is set in motion on Sarah’s eleventh birthday, when she is given ownership of ten year old Handful, who is to be her handmaid. We follow their remarkable journeys over the next thirty five years, as both strive for a life of their own, dramatically shaping each other’s destinies and forming a complex relationship marked by guilt, defiance, estrangement and the uneasy ways of love.As the stories build to a riveting climax, Handful will endure loss and sorrow, finding courage and a sense of self in the process. Sarah will experience crushed hopes, betrayal, unrequited love, and ostracism before leaving Charleston to find her place alongside her fearless younger sister, Angelina, as one of the early pioneers in the abolition and women’s rights movements.Inspired by the historical figure of Sarah Grimke, Kidd goes beyond the record to flesh out the rich interior lives of all of her characters, both real and invented, including Handful’s cunning mother, Charlotte, who courts danger in her search for something better.This exquisitely written novel is a triumph of storytelling that looks with unswerving eyes at a devastating wound in American history, through women whose struggles for liberation, empowerment, and expression will leave no reader unmoved. ...more
15	World Without End (The Pillars of the Earth #2)	Historical Fiction	32.97	Eighteen years after the publication of The Pillars of the Earth, Ken Follett has written the the long awaited sequel, World Without End. World Without End takes place in the same town of Kingsbridge, two centuries after the townspeople finished building the exquisite Gothic cathedral that was at the heart of The Pillars of the Earth. The cathedral and the priory are agai Eighteen years after the publication of The Pillars of the Earth, Ken Follett has written the the long awaited sequel, World Without End. World Without End takes place in the same town of Kingsbridge, two centuries after the townspeople finished building the exquisite Gothic cathedral that was at the heart of The Pillars of the Earth. The cathedral and the priory are again at the center of a web of love and hate, greed and pride, ambition and revenge, but this sequel stands on its own. This time, the men and women among an extraordinary cast of characters find themselves at a crossroad of new ideas -- about medicine, commerce, architecture, and justice. In a world where proponents of the old ways fiercely battle those with progressive minds, the intrigue and tension quickly reach a boiling point against the devastating backdrop of the greatest natural disaster ever to strike the human race: the Black Death. ...more
16	The Passion of Dolssa	Historical Fiction	28.32	Dolssa is a young gentlewoman with uncanny gifts, on the run from an obsessed friar determined to burn her as a heretic for the passion she refuses to tame.Botille is a wily and charismatic peasant, a matchmaker running a tavern with her two sisters in a tiny seaside town.The year is 1241; the place, Provensa, what we now call Provence, France—a land still reeling from the Dolssa is a young gentlewoman with uncanny gifts, on the run from an obsessed friar determined to burn her as a heretic for the passion she refuses to tame.Botille is a wily and charismatic peasant, a matchmaker running a tavern with her two sisters in a tiny seaside town.The year is 1241; the place, Provensa, what we now call Provence, France—a land still reeling from the bloody crusades waged there by the Catholic Church and its northern French armies.When the matchmaker finds the mystic near death by a riverside, Botille takes Dolssa in and discovers the girl’s extraordinary healing power. But as the vengeful Friar Lucien hunts down his heretic, the two girls find themselves putting an entire village at the mercy of murderers. ...more
19	The Red Tent	Historical Fiction	35.66	Her name is Dinah. In the Bible, her life is only hinted at in a brief and violent detour within the more familiar chapters of the Book of Genesis that are about her father, Jacob, and his dozen sons. Told in Dinah's voice, this novel reveals the traditions and turmoils of ancient womanhood--the world of the red tent. It begins with the story of her mothers--Leah, Rachel, Her name is Dinah. In the Bible, her life is only hinted at in a brief and violent detour within the more familiar chapters of the Book of Genesis that are about her father, Jacob, and his dozen sons. Told in Dinah's voice, this novel reveals the traditions and turmoils of ancient womanhood--the world of the red tent. It begins with the story of her mothers--Leah, Rachel, Zilpah, and Bilhah--the four wives of Jacob. They love Dinah and give her gifts that sustain her through a hard-working youth, a calling to midwifery, and a new home in a foreign land. Dinah's story reaches out from a remarkable period of early history and creates an intimate connection with the past. Deeply affecting, The Red Tent combines rich storytelling with a valuable achievement in modern fiction: a new view of biblical women's society. ...more
21	The Guernsey Literary and Potato Peel Pie Society	Historical Fiction	49.53	“ I wonder how the book got to Guernsey? Perhaps there is some sort of secret homing instinct in books that brings them to their perfect readers.” January 1946: London is emerging from the shadow of the Second World War, and writer Juliet Ashton is looking for her next book subject. Who could imagine that she would find it in a letter from a man she’s never met, a native o “ I wonder how the book got to Guernsey? Perhaps there is some sort of secret homing instinct in books that brings them to their perfect readers.” January 1946: London is emerging from the shadow of the Second World War, and writer Juliet Ashton is looking for her next book subject. Who could imagine that she would find it in a letter from a man she’s never met, a native of the island of Guernsey, who has come across her name written inside a book by Charles Lamb….As Juliet and her new correspondent exchange letters, Juliet is drawn into the world of this man and his friends—and what a wonderfully eccentric world it is. The Guernsey Literary and Potato Peel Pie Society—born as a spur-of-the-moment alibi when its members were discovered breaking curfew by the Germans occupying their island—boasts a charming, funny, deeply human cast of characters, from pig farmers to phrenologists, literature lovers all.Juliet begins a remarkable correspondence with the society’s members, learning about their island, their taste in books, and the impact the recent German occupation has had on their lives. Captivated by their stories, she sets sail for Guernsey, and what she finds will change her forever.Written with warmth and humor as a series of letters, this novel is a celebration of the written word in all its guises, and of finding connection in the most surprising ways. ...more
23	Soumission	Fiction	50.10	Dans une France assez proche de la nôtre, un homme s’engage dans la carrière universitaire. Peu motivé par l’enseignement, il s’attend à une vie ennuyeuse mais calme, protégée des grands drames historiques. Cependant les forces en jeu dans le pays ont fissuré le système politique jusqu’à provoquer son effondrement. Cette implosion sans soubresauts, sans vraie révolution, s Dans une France assez proche de la nôtre, un homme s’engage dans la carrière universitaire. Peu motivé par l’enseignement, il s’attend à une vie ennuyeuse mais calme, protégée des grands drames historiques. Cependant les forces en jeu dans le pays ont fissuré le système politique jusqu’à provoquer son effondrement. Cette implosion sans soubresauts, sans vraie révolution, se développe comme un mauvais rêve.Le talent de l’auteur, sa force visionnaire nous entraînent sur un terrain ambigu et glissant ; son regard sur notre civilisation vieillissante fait coexister dans ce roman les intuitions poétiques, les effets comiques, une mélancolie fataliste.Ce livre est une saisissante fable politique et morale. ...more
24	Private Paris (Private #10)	Fiction	47.61	Paris is burning--and only Private's Jack Morgan can put out the fire.When Jack Morgan stops by Private's Paris office, he envisions a quick hello during an otherwise relaxing trip filled with fine food and sightseeing. But Jack is quickly pressed into duty after a call from his client Sherman Wilkerson, asking Jack to track down his young granddaughter who is on the run f Paris is burning--and only Private's Jack Morgan can put out the fire.When Jack Morgan stops by Private's Paris office, he envisions a quick hello during an otherwise relaxing trip filled with fine food and sightseeing. But Jack is quickly pressed into duty after a call from his client Sherman Wilkerson, asking Jack to track down his young granddaughter who is on the run from a brutal drug dealer.Before Jack can locate her, several members of France's cultural elite are found dead--murdered in stunning, symbolic fashion. The only link between the crimes is a mysterious graffiti tag. As religious and ethnic tensions simmer in the City of Lights, only Jack and his Private team can connect the dots before the smoldering powder keg explodes. ...more
25	We Love You, Charlie Freeman	Fiction	50.27	The Freeman family--Charles, Laurel, and their daughters, teenage Charlotte and nine-year-old Callie--have been invited to the Toneybee Institute in rural Massachusetts to participate in a research experiment. They will live in an apartment on campus with Charlie, a young chimp abandoned by his mother. The Freemans were selected for the experiment because they know sign la The Freeman family--Charles, Laurel, and their daughters, teenage Charlotte and nine-year-old Callie--have been invited to the Toneybee Institute in rural Massachusetts to participate in a research experiment. They will live in an apartment on campus with Charlie, a young chimp abandoned by his mother. The Freemans were selected for the experiment because they know sign language; they are supposed to teach it to Charlie and welcome him as a member of their family. Isolated in their new, nearly all-white community not just by their race but by their strange living situation, the Freemans come undone. And when Charlotte discovers the truth about the Institute’s history of questionable studies, the secrets of the past begin to invade the present. The power of this novel resides in Kaitlyn Greenidge’s undeniable storytelling talents. What appears to be a story of mothers and daughters, of sisterhood put to the test, of adolescent love and grown-up misconduct, and of history’s long reach, becomes a provocative and compelling exploration of America’s failure to find a language to talk about race. ...more
26	Thirst	Fiction	17.27	On a searing summer Friday, Eddie Chapman has been stuck for hours in a traffic jam. There are accidents along the highway, but ambulances and police are conspicuously absent. When he decides to abandon his car and run home, he sees that the trees along the edge of a stream have been burnt, and the water in the streambed is gone. Something is very wrong.When he arrives hom On a searing summer Friday, Eddie Chapman has been stuck for hours in a traffic jam. There are accidents along the highway, but ambulances and police are conspicuously absent. When he decides to abandon his car and run home, he sees that the trees along the edge of a stream have been burnt, and the water in the streambed is gone. Something is very wrong.When he arrives home, the power is out and there is no running water. The pipes everywhere, it seems, have gone dry. Eddie and his wife, Laura, find themselves thrust together with their neighbors while a sense of unease thickens in the stifling night air. Thirst takes place in the immediate aftermath of a mysterious disaster--the Chapmans and their neighbors suffer the effects of the heat, their thirst, and the terrifying realization that no one is coming to help. As violence rips through the community, Eddie and Laura are forced to recall secrets from their past and question their present humanity. In crisp and convincing prose, Ben Warner compels readers to do the same. What might you do to survive? ...more
27	The Murder That Never Was (Forensic Instincts #5)	Fiction	54.11	Given the opportunity, would you assume someone else's identity and leave your old life behind? A serendipitous crossing of paths between Lisa Barnes, a down-on-her-luck job seeker, and Julie Forman, a personal trainer to an Olympic hopeful, forever changes the course of both women's lives. One winds up dead and the other finds herself a fugitive, hiding behind one lie aft Given the opportunity, would you assume someone else's identity and leave your old life behind? A serendipitous crossing of paths between Lisa Barnes, a down-on-her-luck job seeker, and Julie Forman, a personal trainer to an Olympic hopeful, forever changes the course of both women's lives. One winds up dead and the other finds herself a fugitive, hiding behind one lie after another as a cold-blooded killer methodically hunts her. Desperately trying to stay alive, the terrified woman enlists the help of Forensic Instincts, a rogue investigative team that clandestinely operates in the gray area between legal and illegal. Safeguarding their client's deception, Forensic Instincts digs into dangerous territory as they try to find out who's after their client and why. Meanwhile, bodies are piling up in Chicago, New Jersey, and Vermont as a megalomaniacal genius will stop at nothing to eradicate anyone who threatens the success of his medical breakthrough. With an unhinged client and a monstrous criminal enterprise as its adversary, Forensic Instincts is forced into uncharted territory to protect their client and save one of their own from becoming the next corpse. Forensic Instincts is an unorthodox, criminal investigative team that carefully navigates the fine line between legal and illegal. The team consists of a behaviorist, a former Navy SEAL, a techo-wiz, an intuitive, a pickpocket, a retired FBI agent, and a human scent evidence dog." ...more
28	Tuesday Nights in 1980	Fiction	21.04	“In one sentence, Ms. Prentiss captures a sense of intoxication and possibility that six seasons of voice-overs from Sarah Jessica Parker never could…Ms. Prentiss concludes her novel on a note that’s both ethereal and brutally realistic. She cauterizes wounds, but they’re still visible and bare. But for her characters—for this promising author—it’s enough.” —The New York T “In one sentence, Ms. Prentiss captures a sense of intoxication and possibility that six seasons of voice-overs from Sarah Jessica Parker never could…Ms. Prentiss concludes her novel on a note that’s both ethereal and brutally realistic. She cauterizes wounds, but they’re still visible and bare. But for her characters—for this promising author—it’s enough.” —The New York Times“An intoxicating Manhattan fairy tale…As affecting as it is absorbing. A thrilling debut.” —Kirkus Reviews (starred review) “A vital, sensuous, edgy, and suspenseful tale of longing, rage, fear, compulsion, and love.” —Booklist (starred review) An intoxicating and transcendent debut novel that follows a critic, an artist, and a desirous, determined young woman as they find their way—and ultimately collide—amid the ever-evolving New York City art scene of the 1980s.Welcome to SoHo at the onset of the eighties: a gritty, not-yet-gentrified playground for artists and writers looking to make it in the big city. Among them: James Bennett, a synesthetic art critic for The New York Times whose unlikely condition enables him to describe art in profound, magical ways, and Raul Engales, an exiled Argentinian painter running from his past and the Dirty War that has enveloped his country. As the two men ascend in the downtown arts scene, dual tragedies strike, and each is faced with a loss that acutely affects his relationship to life and to art. It is not until they are inadvertently brought together by Lucy Olliason—a small town beauty and Raul’s muse—and a young orphan boy sent mysteriously from Buenos Aires, that James and Raul are able to rediscover some semblance of what they’ve lost.As inventive as Jennifer Egan's A Visit From The Goon Squad and as sweeping as Meg Wolitzer's The Interestings, Tuesday Nights in 1980 boldly renders a complex moment when the meaning and nature of art is being all but upended, and New York City as a whole is reinventing itself. In risk-taking prose that is as powerful as it is playful, Molly Prentiss deftly explores the need for beauty, community, creation, and love in an ever-changing urban landscape. ...more
29	The Vacationers	Fiction	42.15	An irresistible, deftly observed novel about the secrets, joys, and jealousies that rise to the surface over the course of an American family’s two-week stay in Mallorca. For the Posts, a two-week trip to the Balearic island of Mallorca with their extended family and friends is a celebration: Franny and Jim are observing their thirty-fifth wedding anniversary, and their da An irresistible, deftly observed novel about the secrets, joys, and jealousies that rise to the surface over the course of an American family’s two-week stay in Mallorca. For the Posts, a two-week trip to the Balearic island of Mallorca with their extended family and friends is a celebration: Franny and Jim are observing their thirty-fifth wedding anniversary, and their daughter, Sylvia, has graduated from high school. The sunlit island, its mountains and beaches, its tapas and tennis courts, also promise an escape from the tensions simmering at home in Manhattan. But all does not go according to plan: over the course of the vacation, secrets come to light, old and new humiliations are experienced, childhood rivalries resurface, and ancient wounds are exacerbated. This is a story of the sides of ourselves that we choose to show and those we try to conceal, of the ways we tear each other down and build each other up again, and the bonds that ultimately hold us together. With wry humor and tremendous heart, Emma Straub delivers a richly satisfying story of a family in the midst of a maelstrom of change, emerging irrevocably altered yet whole. ...more
30	The Regional Office Is Under Attack!	Fiction	51.36	In a world beset by amassing forces of darkness, one organization—the Regional Office—and its coterie of super-powered female assassins protects the globe from annihilation. At its helm, the mysterious Oyemi and her oracles seek out new recruits and root out evil plots. Then a prophecy suggests that someone from inside might bring about its downfall. And now, the Regional In a world beset by amassing forces of darkness, one organization—the Regional Office—and its coterie of super-powered female assassins protects the globe from annihilation. At its helm, the mysterious Oyemi and her oracles seek out new recruits and root out evil plots. Then a prophecy suggests that someone from inside might bring about its downfall. And now, the Regional Office is under attack.   Recruited by a defector from within, Rose is a young assassin leading the attack, eager to stretch into her powers and prove herself on her first mission. Defending the Regional Office is Sarah—who may or may not have a mechanical arm—fiercely devoted to the organization that took her in as a young woman in the wake of her mother’s sudden disappearance. On the day that the Regional Office is attacked, Rose’s and Sarah’s stories will overlap, their lives will collide, and the world as they know it just might end. ...more
31	Finders Keepers (Bill Hodges Trilogy #2)	Fiction	53.53	A masterful, intensely suspenseful novel about a reader whose obsession with a reclusive writer goes far too far—a book about the power of storytelling, starring the same trio of unlikely and winning heroes King introduced in Mr. Mercedes“Wake up, genius.” So begins King’s instantly riveting story about a vengeful reader. The genius is John Rothstein, an iconic author who A masterful, intensely suspenseful novel about a reader whose obsession with a reclusive writer goes far too far—a book about the power of storytelling, starring the same trio of unlikely and winning heroes King introduced in Mr. Mercedes“Wake up, genius.” So begins King’s instantly riveting story about a vengeful reader. The genius is John Rothstein, an iconic author who created a famous character, Jimmy Gold, but who hasn’t published a book for decades. Morris Bellamy is livid, not just because Rothstein has stopped providing books, but because the nonconformist Jimmy Gold has sold out for a career in advertising. Morris kills Rothstein and empties his safe of cash, yes, but the real treasure is a trove of notebooks containing at least one more Gold novel.Morris hides the money and the notebooks, and then he is locked away for another crime. Decades later, a boy named Pete Saubers finds the treasure, and now it is Pete and his family that Bill Hodges, Holly Gibney, and Jerome Robinson must rescue from the ever-more deranged and vengeful Morris when he’s released from prison after thirty-five years.Not since Misery has King played with the notion of a reader whose obsession with a writer gets dangerous. Finders Keepers is spectacular, heart-pounding suspense, but it is also King writing about how literature shapes a life—for good, for bad, forever. ...more
32	The Time Keeper	Fiction	27.88	In this fable, the first man on earth to count the hours becomes Father Time. The inventor of the world's first clock is punished for trying to measure God's greatest gift. He is banished to a cave for centuries and forced to listen to the voices of all who come after him seeking more days, more years. Eventually, with his soul nearly broken, Father Time is granted his fre In this fable, the first man on earth to count the hours becomes Father Time. The inventor of the world's first clock is punished for trying to measure God's greatest gift. He is banished to a cave for centuries and forced to listen to the voices of all who come after him seeking more days, more years. Eventually, with his soul nearly broken, Father Time is granted his freedom, along with a magical hourglass and a mission: a chance to redeem himself by teaching two earthly people the true meaning of time.He returns to our world - now dominated by the hour-counting he so innocently began - and commences a journey with two unlikely partners: one a teenage girl who is about to give up on life, the other a wealthy old businessman who wants to live forever. To save himself, he must save them both. And stop the world to do so. ...more
33	The Testament of Mary	Fiction	52.67	Provocative, haunting, and indelible, Colm Tóibín’s portrait of Mary presents her as a solitary older woman still seeking to understand the events that become the narrative of the New Testament and the foundation of Christianity.In the ancient town of Ephesus, Mary lives alone, years after her son's crucifixion. She has no interest in collaborating with the authors of the Provocative, haunting, and indelible, Colm Tóibín’s portrait of Mary presents her as a solitary older woman still seeking to understand the events that become the narrative of the New Testament and the foundation of Christianity.In the ancient town of Ephesus, Mary lives alone, years after her son's crucifixion. She has no interest in collaborating with the authors of the Gospel—her keepers, who provide her with food and shelter and visit her regularly. She does not agree that her son is the Son of God; nor that his death was “worth it;” nor that the “group of misfits he gathered around him, men who could not look a woman in the eye,” were holy disciples. Mary judges herself ruthlessly (she did not stay at the foot of the Cross until her son died—she fled, to save herself), and is equally harsh on her judgment of others. This woman who we know from centuries of paintings and scripture as the docile, loving, silent, long-suffering, obedient, worshipful mother of Christ becomes, in Toibin’s searing evocation, a tragic heroine with the relentless eloquence of Electra or Medea or Antigone. This tour de force of imagination and language is a portrait so vivid and convincing that our image of Mary will be forever transformed. ...more
34	The First Hostage (J.B. Collins #2)	Fiction	25.85	“The president of the United States . . . is missing.”With these words, New York Times journalist J. B. Collins, reporting from the scene of a devastating attack by ISIS terrorists in Amman, Jordan, puts the entire world on high alert. The leaders of Israel and Palestine are critically injured, Jordan’s king is fighting for his life, and the U.S. president is missing and p “The president of the United States . . . is missing.”With these words, New York Times journalist J. B. Collins, reporting from the scene of a devastating attack by ISIS terrorists in Amman, Jordan, puts the entire world on high alert. The leaders of Israel and Palestine are critically injured, Jordan’s king is fighting for his life, and the U.S. president is missing and presumed captured.As the U.S. government faces a constitutional crisis and Jordan battles for its very existence, Collins must do his best to keep the world informed while working to convince the FBI that his stories are not responsible for the terror attack on the Jordanian capital. And ISIS still has chemical weapons . . .Struggling to clear his name, Collins and the Secret Service try frantically to locate and rescue the leader of the free world before ISIS’s threats become a catastrophic reality. ...more
35	Take Me with You	Fiction	45.21	August Shroeder, a burned-out teacher, has been sober since his 19-year-old son died. Every year he's spent the summer on the road, but making it to Yellowstone this year means everything. The plan had been to travel there with his son, but now August is making the trip with Philip's ashes instead. An unexpected twist of fate lands August with two extra passengers for his August Shroeder, a burned-out teacher, has been sober since his 19-year-old son died. Every year he's spent the summer on the road, but making it to Yellowstone this year means everything. The plan had been to travel there with his son, but now August is making the trip with Philip's ashes instead. An unexpected twist of fate lands August with two extra passengers for his journey, two half-orphans with nowhere else to go.What none of them could have known was how transformative both the trip and the bonds that develop between them would prove, driving each to create a new destiny together. ...more
36	Still Life with Bread Crumbs	Fiction	26.41	A superb love story from Anna Quindlen, the #1 New York Times bestselling author of Rise and Shine, Blessings, and A Short Guide to a Happy Life Still Life with Bread Crumbs begins with an imagined gunshot and ends with a new tin roof. Between the two is a wry and knowing portrait of Rebecca Winter, a photographer whose work made her an unlikely heroine for many women. Her A superb love story from Anna Quindlen, the #1 New York Times bestselling author of Rise and Shine, Blessings, and A Short Guide to a Happy Life  Still Life with Bread Crumbs begins with an imagined gunshot and ends with a new tin roof. Between the two is a wry and knowing portrait of Rebecca Winter, a photographer whose work made her an unlikely heroine for many women. Her career is now descendent, her bank balance shaky, and she has fled the city for the middle of nowhere. There she discovers, in a tree stand with a roofer named Jim Bates, that what she sees through a camera lens is not all there is to life.   Brilliantly written, powerfully observed, Still Life with Bread Crumbs is a deeply moving and often very funny story of unexpected love, and a stunningly crafted journey into the life of a woman, her heart, her mind, her days, as she discovers that life is a story with many levels, a story that is longer and more exciting than she ever imagined. ...more
37	Shtum	Fiction	55.84	Powerful, darkly funny and heart-breaking, Shtum is a story about fathers and sons, autism, and dysfunctional relationships.Ben Jewell has hit breaking point. His ten-year-old son Jonah has severe autism and Ben and his wife, Emma, are struggling to cope.When Ben and Emma fake a separation - a strategic decision to further Jonah's case in an upcoming tribunal - Ben and Jon Powerful, darkly funny and heart-breaking, Shtum is a story about fathers and sons, autism, and dysfunctional relationships.Ben Jewell has hit breaking point. His ten-year-old son Jonah has severe autism and Ben and his wife, Emma, are struggling to cope.When Ben and Emma fake a separation - a strategic decision to further Jonah's case in an upcoming tribunal - Ben and Jonah move in with Georg, Ben's elderly father. In a small house in North London, three generations of men - one who can't talk; two who won't - are thrown together.A powerful, emotional, but above all enjoyable read, perfect for fans of THE SHOCK OF THE FALL and THE CURIOUS INCIDENT OF THE DOG IN THE NIGHT-TIME. ...more
38	My Name Is Lucy Barton	Fiction	41.56	A new book by Pulitzer Prize winner Elizabeth Strout is cause for celebration. Her bestselling novels, including Olive Kitteridge and The Burgess Boys,have illuminated our most tender relationships. Now, in My Name Is Lucy Barton, this extraordinary writer shows how a simple hospital visit becomes a portal to the most tender relationship of all—the one between mother and d A new book by Pulitzer Prize winner Elizabeth Strout is cause for celebration. Her bestselling novels, including Olive Kitteridge and The Burgess Boys, have illuminated our most tender relationships. Now, in My Name Is Lucy Barton, this extraordinary writer shows how a simple hospital visit becomes a portal to the most tender relationship of all—the one between mother and daughter.   Lucy Barton is recovering slowly from what should have been a simple operation. Her mother, to whom she hasn’t spoken for many years, comes to see her. Gentle gossip about people from Lucy’s childhood in Amgash, Illinois, seems to reconnect them, but just below the surface lie the tension and longing that have informed every aspect of Lucy’s life: her escape from her troubled family, her desire to become a writer, her marriage, her love for her two daughters. Knitting this powerful narrative together is the brilliant storytelling voice of Lucy herself: keenly observant, deeply human, and truly unforgettable. ...more
39	My Mrs. Brown	Fiction	24.48	From William Norwich, the well-known fashion writer and editor, an unforgettable novel about a woman with a secret who travels to New York City on a determined quest to buy a special dress that represents everything she wants to say about that secret…and herself.Sometimes a dress isn’t just a dress.Emilia Brown is a woman of a certain age. She has spent a frugal, useful, a From William Norwich, the well-known fashion writer and editor, an unforgettable novel about a woman with a secret who travels to New York City on a determined quest to buy a special dress that represents everything she wants to say about that secret…and herself.Sometimes a dress isn’t just a dress.Emilia Brown is a woman of a certain age. She has spent a frugal, useful, and wholly restrained life in Ashville, a small town in Rhode Island. Overlooked especially by the industries of fashion and media, Mrs. Brown is one of today’s silent generations of women whose quiet no-frills existences would make them seem invisible. She is a genteel woman who has known her share of personal sorrows and quietly carried on, who makes a modest living cleaning and running errands at the local beauty parlor, who delights in evening chats with her much younger neighbor, twenty-three-year-old Alice Danvers.When the grand dame of Ashville passes away, Mrs. Brown is called upon to inventory her estate and comes across a dress that changes everything. This isn’t a Cinderella confection; it’s a simple yet exquisitely tailored Oscar de la Renta sheath and jacket—a suit that Mrs. Brown realizes, with startling clarity, will say everything she has ever wished to convey. She must have it. And so Mrs. Brown begins her odyssey to purchase the dress. For not only is the owning of the Oscar de la Renta a must, the intimidating trip to purchase it on Madison Avenue is essential as well. If the dress is to give Mrs. Brown a voice, then she must prepare by making the daunting journey—both to the emerald city and within herself.Timeless, poignant, and appealing, My Mrs. Brown is a novel for every mother in the world, every woman who ever wanted the perfect dress, and every child who wanted to give it to her. ...more
40	Mr. Mercedes (Bill Hodges Trilogy #1)	Fiction	28.90	In the frigid pre-dawn hours, in a distressed Midwestern city, hundreds of desperate unemployed folks are lined up for a spot at a job fair. Without warning, a lone driver plows through the crowd in a stolen Mercedes, running over the innocent, backing up, and charging again. Eight people are killed; fifteen are wounded. The killer escapes.In another part of town, months l In the frigid pre-dawn hours, in a distressed Midwestern city, hundreds of desperate unemployed folks are lined up for a spot at a job fair. Without warning, a lone driver plows through the crowd in a stolen Mercedes, running over the innocent, backing up, and charging again. Eight people are killed; fifteen are wounded. The killer escapes.In another part of town, months later, a retired cop named Bill Hodges is still haunted by the unsolved crime. When he gets a crazed letter from someone who self-identifies as the "perk" and threatens an even more diabolical attack, Hodges wakes up from his depressed and vacant retirement, hell-bent on preventing another tragedy.Brady Hartfield lives with his alcoholic mother in the house where he was born. He loved the feel of death under the wheels of the Mercedes, and he wants that rush again.Only Bill Hodges, with a couple of highly unlikely allies, can apprehend the killer before he strikes again. And they have no time to lose, because Brady’s next mission, if it succeeds, will kill or maim thousands.Mr. Mercedes is a war between good and evil, from the master of suspense whose insight into the mind of this obsessed, insane killer is chilling and unforgettable. ...more
41	I Am Pilgrim (Pilgrim #1)	Fiction	10.60	A breakneck race against time...and an implacable enemy.An anonymous young woman murdered in a run-down hotel, all identifying characteristics dissolved by acid. A father publicly beheaded in the blistering heat of a Saudi Arabian public square. A notorious Syrian biotech expert found eyeless in a Damascus junkyard. Smoldering human remains on a remote mountainside in Afgh A breakneck race against time...and an implacable enemy.An anonymous young woman murdered in a run-down hotel, all identifying characteristics dissolved by acid. A father publicly beheaded in the blistering heat of a Saudi Arabian public square. A notorious Syrian biotech expert found eyeless in a Damascus junkyard. Smoldering human remains on a remote mountainside in Afghanistan. A flawless plot to commit an appalling crime against humanity. One path links them all, and only one man can make the journey.Pilgrim. ...more
42	Eligible (The Austen Project #4)	Fiction	27.09	A Modern Retelling of Pride and PrejudiceThis version of the Bennet family—and Mr. Darcy—is one that you have and haven’t met before: Liz is a magazine writer in her late thirties who, like her yoga instructor older sister, Jane, lives in New York City. When their father has a health scare, they return to their childhood home in Cincinnati to help—and discover that the spr A Modern Retelling of Pride and PrejudiceThis version of the Bennet family—and Mr. Darcy—is one that you have and haven’t met before: Liz is a magazine writer in her late thirties who, like her yoga instructor older sister, Jane, lives in New York City. When their father has a health scare, they return to their childhood home in Cincinnati to help—and discover that the sprawling Tudor they grew up in is crumbling and the family is in disarray.Youngest sisters Kitty and Lydia are too busy with their CrossFit workouts and Paleo diets to get jobs. Mary, the middle sister, is earning her third online master’s degree and barely leaves her room, except for those mysterious Tuesday-night outings she won’t discuss. And Mrs. Bennet has one thing on her mind: how to marry off her daughters, especially as Jane’s fortieth birthday fast approaches.Enter Chip Bingley, a handsome new-in-town doctor who recently appeared on the juggernaut reality TV dating show Eligible. At a Fourth of July barbecue, Chip takes an immediate interest in Jane, but Chip’s friend neurosurgeon Fitzwilliam Darcy reveals himself to Liz to be much less charming. . . .And yet, first impressions can be deceiving. ...more
43	Dark Notes	Erotica	19.19	They call me a slut. Maybe I am.Sometimes I do things I despise.Sometimes men take without asking.But I have a musical gift, only a year left of high school, and a plan.With one obstacle.Emeric Marceaux doesn’t just take.He seizes my will power and bangs it like a dark note.When he commands me to play, I want to give him everything.I kneel for his punishments, tremble for They call me a slut. Maybe I am.Sometimes I do things I despise.Sometimes men take without asking.But I have a musical gift, only a year left of high school, and a plan.With one obstacle.Emeric Marceaux doesn’t just take.He seizes my will power and bangs it like a dark note.When he commands me to play, I want to give him everything.I kneel for his punishments, tremble for his touch, and risk it all for our stolen moments.He’s my obsession, my master, my music.And my teacher. ...more
44	Chase Me (Paris Nights #2)	Romance	25.27	A Michelin two-star chef at twenty-eight, Violette Lenoir could handle anything, including a cocky burglar who broke into her restaurant in the middle of the night.Or so she thought.Elite counterterrorist operative Chase “Smith” had been through things that made Hell Week look easy. But nothing had prepared him for a leather-clad blonde who held him at bay at knifepoint an A Michelin two-star chef at twenty-eight, Violette Lenoir could handle anything, including a cocky burglar who broke into her restaurant in the middle of the night.Or so she thought.Elite counterterrorist operative Chase “Smith” had been through things that made Hell Week look easy. But nothing had prepared him for a leather-clad blonde who held him at bay at knifepoint and dared him to take her on.Now if only saving the world didn’t require he ruin her life.Two people who thought they could handle anything now have to take on each other. It's a battle neither one expected. But with their futures on the line, they have nothing to lose...but their hearts.Warning: This book contains one arrogant Navy SEAL, nights of Paris passion, and a woman who wants to have it all. ...more
45	Black Dust	Romance	34.53	No matter how busy he keeps himself, successful Broadway musician Tobias Spence can’t outrun the memory of a tragic car crash from his past that claimed a friend’s life and permanently injured his former boyfriend, Emmett.Even after losing Tobias, Emmett Henderson made peace with that awful night, living in his Indiana hometown where he has become a revered choral director No matter how busy he keeps himself, successful Broadway musician Tobias Spence can’t outrun the memory of a tragic car crash from his past that claimed a friend’s life and permanently injured his former boyfriend, Emmett.Even after losing Tobias, Emmett Henderson made peace with that awful night, living in his Indiana hometown where he has become a revered choral director. When his students are asked to perform in New York City, he decides to chance reconnecting with his former love, if for no other reason than to get a proper goodbye.When Emmett and Tobias finally meet 15 years after parting ways, it is clear to both of them that their feelings for each other have not changed. As they explore their renewed relationship, the two men face old hurts and the new challenges of a long-distance romance. Will Tobias lose his second chance at love to the ghosts he can’t seem to put to rest? ...more
46	Her Backup Boyfriend (The Sorensen Family #1)	Romance	33.97	One little white lie leads to more than she planned…Straight-laced lawyer Kate Matthews always plays by the rules. But when her ex gets engaged and a big promotion is on the line at work, she blurts out that she has a new boyfriend. And now that she’s proved she “has a life” outside of work, everything is perfect. Except for one teeny little detail—there is no boyfriend. A One little white lie leads to more than she planned…Straight-laced lawyer Kate Matthews always plays by the rules. But when her ex gets engaged and a big promotion is on the line at work, she blurts out that she has a new boyfriend. And now that she’s proved she “has a life” outside of work, everything is perfect. Except for one teeny little detail—there is no boyfriend. And now Kate’s liable for her little white lie…Dominic Sorensen is hot, charming, and very definitely not Kate’s type. But not only does Dominic want to help Kate renovate her home, he’s also willing to play “boyfriend.” All he wants in return is a little pro bono work for his sister. Now instead of Mr. Right, Kate has a delectable Mr. Fix-It-Right—and some unbelievable sexual chemistry. And if falling for Dominic is a breach of contract, Kate is guilty as charged… ...more
47	First and First (Five Boroughs #3)	Romance	15.97	Caleb Stone was raised on the Upper East Side, where wealth and lineage reigns, and “alternative lifestyles” are hidden. It took him years to come out to his family, but he’s still stuck in the stranglehold of their expectations. Caleb knows he has to build his confidence and shake things up, but he doesn’t know how… until Oliver Buckley enters the picture.Oli is everythin Caleb Stone was raised on the Upper East Side, where wealth and lineage reigns, and “alternative lifestyles” are hidden. It took him years to come out to his family, but he’s still stuck in the stranglehold of their expectations. Caleb knows he has to build his confidence and shake things up, but he doesn’t know how… until Oliver Buckley enters the picture.Oli is everything Caleb isn’t—risk-taking, provocative, and fiercely independent. Disowned by his family, Oli has made his own way in the world and is beholden to no one. After a chance encounter on New Year’s Eve, Caleb is smitten.As Caleb sheds the insecurities that have held him back for years, he makes bold steps toward changing his career and escaping years of sexual repression. But for Caleb to take full control of his life, he has to be brave enough to confront his feelings and trust Oli with his heart. ...more
48	Fifty Shades Darker (Fifty Shades #2)	Romance	21.96	Daunted by the singular sexual tastes and dark secrets of the beautiful, tormented young entrepreneur Christian Grey, Anastasia Steele has broken off their relationship to start a new career with a Seattle publishing house.But desire for Christian still dominates her every waking thought, and when he proposes a new arrangement, Anastasia cannot resist. They rekindle their Daunted by the singular sexual tastes and dark secrets of the beautiful, tormented young entrepreneur Christian Grey, Anastasia Steele has broken off their relationship to start a new career with a Seattle publishing house.But desire for Christian still dominates her every waking thought, and when he proposes a new arrangement, Anastasia cannot resist. They rekindle their searing sensual affair, and Anastasia learns more about the harrowing past of her damaged, driven, and demanding Fifty Shades.While Christian wrestles with his inner demons, Anastasia must confront her anger and envy of the women who came before her and make the most important decision of her life.Erotic, sparkling and suspenseful, Fifty Shades Darker is the irresistibly addictive second part of the Fifty Shades trilogy.Learn more about E. L. James at thewriterscoffeeshop.com/ejames and on Twitter @E_L_JamesNeed the first Fifty Shades? Search Fifty Shades of Grey ...more
49	The Wedding Dress	Romance	24.12	Four brides. One Dress.A tale of faith, redemption, and timeless love.Charlotte owns a chic Birmingham bridal boutique. Dressing brides for their big day is her gift . . . and her passion. But with her own wedding day approaching, why can't she find the perfect dress...or feel certain she should marry Tim?Then Charlotte discovers a vintage dress in a battered trunk at an e Four brides. One Dress.A tale of faith, redemption, and timeless love.Charlotte owns a chic Birmingham bridal boutique. Dressing brides for their big day is her gift . . . and her passion. But with her own wedding day approaching, why can't she find the perfect dress...or feel certain she should marry Tim?Then Charlotte discovers a vintage dress in a battered trunk at an estate sale. It looks brand-new-shimmering with pearls and satin, hand-stitched and timeless in its design. But where did it come from? Who wore it? Who welded the lock shut and tucked the dog tags in that little sachet? Who left it in the basement for a ten-year-old girl? And what about the mysterious man in the purple vest who insists the dress had been "redeemed."Charlotte's search for the gown's history-and its new bride-begins as a distraction from her sputtering love life. But it takes on a life of its own as she comes to know the women who have worn the dress. Emily from 1912. Mary Grace from 1939. Hillary from 1968. Each with her own story of promise, pain, and destiny. And each with something unique to share. For woven within the threads of the beautiful hundred-year-old gown is the truth about Charlotte's heritage, the power of courage and faith, and the timeless beauty of finding true love. ...more
50	Suddenly in Love (Lake Haven #1)	Romance	55.99	Mia Lassiter is thrilled to finally put her artistic skills to use working for her aunt’s interior design shop in her hometown of East Beach. While renovating an old mansion overlooking stunning Lake Haven, she encounters a scruffy but attractive man named Brennan—the owner’s son. She doesn’t realize this sexy recluse is actually Everett Alden, the world-famous rock star i Mia Lassiter is thrilled to finally put her artistic skills to use working for her aunt’s interior design shop in her hometown of East Beach. While renovating an old mansion overlooking stunning Lake Haven, she encounters a scruffy but attractive man named Brennan—the owner’s son. She doesn’t realize this sexy recluse is actually Everett Alden, the world-famous rock star in hiding who’s nursing his own artistic and personal crises.As their personalities clash, tension simmers between the struggling artist and jaded musician, and their time spent alone together in the gorgeous old house only serves to turn up the heat. Soon, Mia and Brennan’s creative passions boil over to inspire passions of another kind…But reality comes crashing in when Mia’s celeb-obsessed cousin discovers Brennan’s true identity—and reveals it to the world. As paparazzi swarm the mansion, Brennan is thrust back into his rock star lifestyle. Will Mia lose her soul mate just when she’s finally found him? Can their love survive the glaring spotlight? ...more
51	Something More Than This	Romance	16.24	Katy Lewis has it all: a sports reporting job she loves, a great roommate, and two brothers who, while nosy, always have her back. But when Conner Roberts, Katy’s unrequited first crush, suddenly shows up—and shows interest—after nine years, she reverts to a sweaty, panicked sixteen-year-old once more.And if trying to read Conner’s signals isn’t tough enough, Katy’s heart Katy Lewis has it all: a sports reporting job she loves, a great roommate, and two brothers who, while nosy, always have her back. But when Conner Roberts, Katy’s unrequited first crush, suddenly shows up—and shows interest—after nine years, she reverts to a sweaty, panicked sixteen-year-old once more.And if trying to read Conner’s signals isn’t tough enough, Katy’s heart is sending some mixed messages of its own. When a beautiful blonde coworker starts pursuing Katy’s boss, Dylan Sterling—her longtime mentor and friend—she realizes she may have a problem with that. A reunion with Conner is what she’s dreamed of for so long…so why can’t she stop thinking about Dylan?For the first time ever, Katy must fact-check her heart. Should she go after the guy she thought she always wanted or see if there’s something more with the one who’s been there all along? ...more
52	Doing It Over (Most Likely To #1)	Romance	35.61	Voted Most Likely to Succeed, Melanie Bartlett ended up anything but. The down-on-her-luck single mom wants a complete do-over—is that too much to ask? With her family long gone from River Bend, strong, independent Mel is as surprised as anyone to end up in the quaint small town she once called home. But with her friends, Jo and Zoe, by her side, and a comfortable room at Voted Most Likely to Succeed, Melanie Bartlett ended up anything but. The down-on-her-luck single mom wants a complete do-over—is that too much to ask? With her family long gone from River Bend, strong, independent Mel is as surprised as anyone to end up in the quaint small town she once called home. But with her friends, Jo and Zoe, by her side, and a comfortable room at Miss Gina’s quirky bed-and-breakfast, she just might have turned the corner on a new life.Wyatt Gibson never liked the big city. River Bend suits the ruggedly handsome builder just fine. Wyatt knows he’s home, even if that means being charmed by the appearance of Melanie and her spunky, adorable daughter. Is Wyatt’s calm devotion—even amid a coming storm—enough to convince Mel she may have found a home to call her own, a family that never leaves, and a true love to last a lifetime? ...more
53	The Wedding Pact (The O'Malleys #2)	Romance	32.61	New York Times and USA Today bestselling author Katee Robert continues her smoking-hot series about the O'Malleys—wealthy, powerful, and full of scandalous family secrets. Carrigan O'Malley has always known her arranged marriage would be more about power and prestige than passion. But after one taste of the hard-bodied, whiskey-voiced James Halloran, she's ruined for anyo New York Times and USA Today bestselling author Katee Robert continues her smoking-hot series about the O'Malleys—wealthy, powerful, and full of scandalous family secrets. Carrigan O'Malley has always known her arranged marriage would be more about power and prestige than passion. But after one taste of the hard-bodied, whiskey-voiced James Halloran, she's ruined for anyone else. Too bad James and his family are enemy number 1. Hallorans vs. O'Malleys—that's how it's always been. James should be thinking more about how to expand his family's empire instead of how silky Carrigan's skin is against his and how he can next get her into his bed. Those are dangerous thoughts. But not nearly as dangerous as he'll be if he can't get what he wants: Carrigan by his side for the rest of their lives. ...more
54	Hold Your Breath (Search and Rescue #1)	Romance	28.82	In the remote Rocky Mountains, lives depend on the Search & Rescue brotherhood. But in a place this far off the map, trust is hard to come by and secrets can be murder...As the captain of Field County's ice rescue dive team, Callum Cook is driven to perfection. But when he meets new diver Louise "Lou" Sparks, all that hard-won order is obliterated in an instant. Lou is In the remote Rocky Mountains, lives depend on the Search & Rescue brotherhood. But in a place this far off the map, trust is hard to come by and secrets can be murder...As the captain of Field County's ice rescue dive team, Callum Cook is driven to perfection. But when he meets new diver Louise "Lou" Sparks, all that hard-won order is obliterated in an instant. Lou is a hurricane. A walking disaster. And with her, he's never felt more alive...even if keeping her safe may just kill him.Lou's new to the Rockies, intent on escaping her controlling ex, and she's determined to make it on her own terms...no matter how tempting Callum may be. But when a routine training exercise unearths a body, Lou and Callum find themselves thrust into a deadly game of cat and mouse with a killer who will stop at nothing to silence Lou-and prove that not even her new Search and Rescue family can keep her safe forever. ...more
55	Dirty (Dive Bar #1)	Romance	40.83	The last thing Vaughan Hewson expects to find when he returns to his childhood home is a broken hearted bride in his shower, let alone the drama and chaos that comes with her.Lydia Green doesn't know whether to burn down the church or sit and cry in a corner. Discovering the love of your life is having an affair on your wedding day is bad enough. Finding out it's with his The last thing Vaughan Hewson expects to find when he returns to his childhood home is a broken hearted bride in his shower, let alone the drama and chaos that comes with her.Lydia Green doesn't know whether to burn down the church or sit and cry in a corner. Discovering the love of your life is having an affair on your wedding day is bad enough. Finding out it's with his best man is another thing all together. She narrowly escapes tying the knot and meets Vaughan only hours later.Vaughan is the exact opposite of the picture perfect, respected businessman she thought she'd marry. This former musician-turned-bartender is rough around the edges and unsettled. But she already tried Mr. Right and discovered he's all wrong-maybe it's time to give Mr. Right Now a chance.After all, what's wrong with getting dirty? ...more
56	Take Me Home Tonight (Rock Star Romance #3)	Romance	53.98	A rocker gets a taste of unexpected passion in the latest red-hot Rock Star Romance from the award-winning author of I Want You to Want Me. Calix Bourbon might seem like a free spirit, but that’s all a front. In reality he’s just trying to keep his fractured family together while working as a session musician. When Blue Fire hires him to replace their keyboardist, Calix i A rocker gets a taste of unexpected passion in the latest red-hot Rock Star Romance from the award-winning author of I Want You to Want Me.   Calix Bourbon might seem like a free spirit, but that’s all a front. In reality he’s just trying to keep his fractured family together while working as a session musician. When Blue Fire hires him to replace their keyboardist, Calix is determined to make the most of the opportunity—but he can’t help being distracted by the band’s sexy personal chef.   Mimi’s temporary gig is great, but she has her heart set on auditioning for a televised cooking show. There’s just one problem: she only has a week to acquire the skills necessary to survive the competition. Luckily, the band’s new keyboard player can teach her exactly what she needs, in the kitchen and in the bedroom... ...more
57	Off the Hook (Fishing for Trouble #1)	Romance	47.67	Welcome to The Buoys, a West Coast haven where love comes in with the tide. Perfect for readers of Jill Shalvis and Susan Mallery, the Fishing for Trouble series features three unforgettable brothers—each of whom is a great catch.Major league pitcher Liam O'Donnell knows his best days are probably behind him, but that doesn't mean he's ready to retire and become a fishing Welcome to The Buoys, a West Coast haven where love comes in with the tide. Perfect for readers of Jill Shalvis and Susan Mallery, the Fishing for Trouble series features three unforgettable brothers—each of whom is a great catch.Major league pitcher Liam O'Donnell knows his best days are probably behind him, but that doesn't mean he's ready to retire and become a fishing guide. Still, after all the time he's spent chasing his dreams, he owes it to his brothers to pull his weight around the lodge. The Buoys is their father's legacy, and they can't let some developer take it from them. The one snag Liam isn't counting on is a blast from the past: his ex-wife.The moment Kate Hadley steps out of the seaplane, she knows this assignment is going to be trickier than she thought. She has to persuade the owners to sell—and one of them is Liam O'Donnell. Ten years ago, she made the biggest mistake of her life when she married Liam during a fling in Vegas. Now he's her only lifeline in the middle of nowhere. Kate's trying to keep things cool, but Liam just reminds her of the scorching few nights they spent together—and tempts her to make new memories that are just as steamy as the old. ...more
58	A Gentleman's Position (Society of Gentlemen #3)	Romance	14.75	Power, privilege, and the rigid rules of class leave two hearts yearning for connection in the sizzling new Society of Gentlemen novel from K. J. Charles. Among his eccentric though strictly principled group of friends, Lord Richard Vane is the confidant on whom everyone depends for advice, moral rectitude, and discreet assistance. Yet when Richard has a problem, he turns Power, privilege, and the rigid rules of class leave two hearts yearning for connection in the sizzling new Society of Gentlemen novel from K. J. Charles.  Among his eccentric though strictly principled group of friends, Lord Richard Vane is the confidant on whom everyone depends for advice, moral rectitude, and discreet assistance. Yet when Richard has a problem, he turns to his valet, a fixer of unparalleled genius—and the object of Richard’s deepest desires. If there is one rule a gentleman must follow, it is never to dally with servants. But when David is close enough to touch, the rules of class collide with the basest sort of animal instinct: overpowering lust.   For David Cyprian, burglary and blackmail are as much in a day’s work as bootblacking—anything for the man he’s devoted to. But the one thing he wants for himself is the one thing Richard refuses to give: his heart. With the tension between them growing to be unbearable, David’s seemingly incorruptible master has left him no choice. Putting his finely honed skills of seduction and manipulation to good use, he will convince Richard to forget all about his well-meaning objections and give in to sweet, sinful temptation.  Includes a special message from the editor, as well as an excerpt from another Loveswept title. ...more
59	Sit, Stay, Love	Romance	20.90	Take one abrasive professional athlete, a quirky out-of-work schoolteacher, and an overweight geriatric dog, and you're ready for a lesson in love...Tippy style.Pro baseball pitcher Cal Crawford is not a dog guy. When he inherits his deceased mother's elderly dog, Tippy, he's quick to call on a pet-sitting service.Gina isn't thrilled to be a dog sitter when her aspirations Take one abrasive professional athlete, a quirky out-of-work schoolteacher, and an overweight geriatric dog, and you're ready for a lesson in love...Tippy style.Pro baseball pitcher Cal Crawford is not a dog guy. When he inherits his deceased mother's elderly dog, Tippy, he's quick to call on a pet-sitting service.Gina isn't thrilled to be a dog sitter when her aspirations lie in the classroom. Furthermore, she can't abide the unfriendly Cal, a man with all the charm of a wet towel. But with no other prospects and a deep love for all things canine, she takes the job caring for Tippy.As Gina travels through Cal's world with Tippy in tow, she begins to see Cal in a different light. Gina longs to show Cal the God-given blessings in his life that have nothing to do with baseball or fame. When her longing blooms into attraction, Gina does her best to suppress it. But Cal is falling in love with her too...Discover the charming story of Tippy, the dog who brought a family together. ...more
60	A Girl's Guide to Moving On (New Beginnings #2)	Romance	31.30	NEW YORK TIMES BESTSELLER • In this powerful and uplifting novel, a mother and her daughter-in-law bravely leave their troubled marriages and face the challenge of starting over. Leaning on each other, Nichole and Leanne discover that their inner strength and capacity for love are greater than they ever imagined. When Nichole discovers that her husband, Jake, has been unfa NEW YORK TIMES BESTSELLER • In this powerful and uplifting novel, a mother and her daughter-in-law bravely leave their troubled marriages and face the challenge of starting over. Leaning on each other, Nichole and Leanne discover that their inner strength and capacity for love are greater than they ever imagined. When Nichole discovers that her husband, Jake, has been unfaithful, the illusion of her perfect life is indelibly shattered. While juggling her young son, a new job, and volunteer work, Nichole meets Rocco, who is the opposite of Jake in nearly every way. Though blunt-spoken and rough around the edges, Rocco proves to be a dedicated father and thoughtful friend. But just as their relationship begins to blossom, Jake wagers everything on winning Nichole back—including their son Owen’s happiness. Somehow, Nichole must find the courage to defy her fears and follow her heart, with far-reaching consequences for them all. Leanne has quietly ignored her husband’s cheating for decades, but is jolted into action by the echo of Nichole’s all-too-familiar crisis. While volunteering as a teacher of English as a second language, Leanne meets Nikolai, a charming, talented baker from Ukraine. Resolved to avoid the heartache and complications of romantic entanglements, Leanne nonetheless finds it difficult to resist Nikolai’s effusive overtures—until an unexpected tragedy tests the very fabric of her commitments. An inspiring novel of friendship, reinvention, and hope, A Girl’s Guide to Moving On affirms the ability of every woman to forge a new path, believe in love, and fearlessly find happiness.Praise for A Girl’s Guide to Moving On “Debbie Macomber’s finest novel. Betrayal and sorrow can happen in any stage of life and, in this wonderful story, her very nimble hands weave a spectacular kaleidoscope of courage, struggles, and finally joyous redemption and reinvention. Macomber totally understands the human heart. I absolutely loved it!”—Dorothea Benton Frank, New York Times bestselling author of All the Single Ladies “Whispers a message of love, hope, and, yes, reinvention to every woman who has ever wondered ‘Is that all there is?’ I predict every diehard Macomber fan—as well as legions of readers new to the Macomber magic—will be cheering for Leanne and Nichole, and clamoring for more, more, more.”—Mary Kay Andrews, New York Times bestselling author of Beach Town, Ladies’ Night, and Summer Rental “Macomber is a master at pulling heartstrings, and readers will delight in this heartwarming story of friendship, love, and second chances. Leanne, Nichole, Rocco, and Nikolai will renew your faith in love and hope. The perfect read curled up in front of the fire or on a beach, it’s as satisfying as a slice of freshly baked bread—wholesome, pleasantly filling, and delicious.”—Karen White, New York Times bestselling author of Flight Patterns “Beloved author Debbie Macomber reaches new heights in this wise and beautiful novel. It’s the kind of reading experience that comes along only rarely, bearing the hallmarks of a classic. The timeless wisdom in these pages will stay with you long after the book is closed.”—Susan Wiggs, #1 New York Times bestselling author of Starlight on Willow Lake “Debbie dazzles! A wonderful story of friendship, forgiveness and the power of love. I devoured every page!”—Susan Mallery, #1 New York Times bestselling author of The Friends We Keep ...more
61	The Perfect Play (Play by Play #1)	Romance	59.99	Football pro Mick Riley is an all-star, both on the field and in the bedroom. But a sexy, determinedly single mom just might be the one to throw him off his game...For years Mick has been taking full advantage of the life available to a pro athlete: fame, fortune, and a different girl in every city. But when he meets and beds confident, beautiful event planner Tara Lincoln Football pro Mick Riley is an all-star, both on the field and in the bedroom. But a sexy, determinedly single mom just might be the one to throw him off his game...For years Mick has been taking full advantage of the life available to a pro athlete: fame, fortune, and a different girl in every city. But when he meets and beds confident, beautiful event planner Tara Lincoln, he wants much more than the typical one-night stand. Too bad Tara's not interested in getting to know football's most notorious playboy any better.As the single mother of a teenage son, the last thing Tara needs is the jet-set lifestyle of Mick Riley; even though their steamy and passionate one-night stand was unforgettable. Tara's life is complicated enough without being thrust into the spotlight as Mick's latest girl du jour. Tara played the game of love once and lost big, and she doesn't intend to put herself out there again, especially with a heartbreaker like Mick.But when Mick sets his mind to win, nothing will stop him. And he has the perfect play in mind. ...more
62	Dark Lover (Black Dagger Brotherhood #1)	Romance	12.87	Also see: Alternate Cover Editions for this ISBN [ACE] ACE #1 In the shadows of the night in Caldwell, New York, there's a deadly turf war going on between vampires and their slayers. There exists a secret band of brothers like no other-six vampire warriors, defenders of their race. Yet none of them relishes killing more than Wrath, the leader of The Black Dagger Brotherh Also see: Alternate Cover Editions for this ISBN [ACE] ACE #1 In the shadows of the night in Caldwell, New York, there's a deadly turf war going on between vampires and their slayers. There exists a secret band of brothers like no other-six vampire warriors, defenders of their race. Yet none of them relishes killing more than Wrath, the leader of The Black Dagger Brotherhood.The only purebred vampire left on earth, Wrath has a score to settle with the slayers who murdered his parents centuries ago. But, when one of his most trusted fighters is killed-leaving his half-breed daughter unaware of his existence or her fate-Wrath must usher her into the world of the undead-a world of sensuality beyond her wildest dreams.Also see: Alternate Cover Editions for this ISBN [ACE] ACE #1 ...more
63	Changing the Game (Play by Play #2)	Romance	13.38	Most people play by the rules. Gavin and Liz aren't most people....Win at any cost. That's always been the mantra of sports agent Liz Darnell. When she carries things too far and risks losing her number-one client, baseball pro Gavin Riley, Liz realizes that she'll have to work extra innings to win him back. It might not be too much of a stretch. She's had a thing for this Most people play by the rules. Gavin and Liz aren't most people....Win at any cost. That's always been the mantra of sports agent Liz Darnell. When she carries things too far and risks losing her number-one client, baseball pro Gavin Riley, Liz realizes that she'll have to work extra innings to win him back. It might not be too much of a stretch. She's had a thing for this player's moves since she first laid eyes on him, and by the looks of it, he wants her just as bad.Gavin's more than ready—especially when Liz is offering herself as part of the bargain. And as much of her as Gavin wants. For added thrills, he decides to throw a little curve ball Liz's way to see just how far she's truly willing to go to keep him as a client. But when love unexpectedly enters the playing field, neither Liz nor Gavin are ready for the biggest game-changer of them all. ...more
3	Tipping the Velvet	Historical Fiction	53.74	"Erotic and absorbing...Written with starling power."--"The New York Times Book Review " Nan King, an oyster girl, is captivated by the music hall phenomenon Kitty Butler, a male impersonator extraordinaire treading the boards in Canterbury. Through a friend at the box office, Nan manages to visit all her shows and finally meet her heroine. Soon after, she becomes Kitty's "Erotic and absorbing...Written with starling power."--"The New York Times Book Review " Nan King, an oyster girl, is captivated by the music hall phenomenon Kitty Butler, a male impersonator extraordinaire treading the boards in Canterbury. Through a friend at the box office, Nan manages to visit all her shows and finally meet her heroine. Soon after, she becomes Kitty's dresser and the two head for the bright lights of Leicester Square where they begin a glittering career as music-hall stars in an all-singing and dancing double act. At the same time, behind closed doors, they admit their attraction to each other and their affair begins. ...more
72	The Song of Achilles	Add a comment	37.40	Greece in the age of heroes. Patroclus, an awkward young prince, has been exiled to the court of King Peleus and his perfect son Achilles. Despite their difference, Achilles befriends the shamed prince, and as they grow into young men skilled in the arts of war and medicine, their bond blossoms into something deeper - despite the displeasure of Achilles' mother Thetis, a c Greece in the age of heroes. Patroclus, an awkward young prince, has been exiled to the court of King Peleus and his perfect son Achilles. Despite their difference, Achilles befriends the shamed prince, and as they grow into young men skilled in the arts of war and medicine, their bond blossoms into something deeper - despite the displeasure of Achilles' mother Thetis, a cruel sea goddess. But when word comes that Helen of Sparta has been kidnapped, Achilles must go to war in distant Troy and fulfill his destiny. Torn between love and fear for his friend, Patroclus goes with him, little knowing that the years that follow will test everything they hold dear. ...more
4	Forever and Forever: The Courtship of Henry Longfellow and Fanny Appleton	Historical Fiction	29.69	A Proper Historical Romance seriesThe first book in a new series which will focus on the lives of real historical figures who have intriguing stories of courtship that are recreated in fictionalized accounts based on real biographical and social history research."A well-researched, emotionally charged tale. A love story...fit for the ages." -Publishers Weekly.It's 1836, an A Proper Historical Romance seriesThe first book in a new series which will focus on the lives of real historical figures who have intriguing stories of courtship that are recreated in fictionalized accounts based on real biographical and social history research."A well-researched, emotionally charged tale. A love story...fit for the ages." -Publishers Weekly.It's 1836, and nineteen-year-old Fanny Appleton, a privileged daughter of a wealthy, upper-class Boston industrialist, is touring Europe with her family. Like many girls of her day, she enjoys the fine clothes, food, and company of the elite social circles. But unlike her peers, Fanny is also drawn to education, literature, and more intellectual pursuits.Published author and poet Henry Wadsworth Longfellow is also touring Europe, but under much different circumstances. Widowed while on tour, he has stayed in order to gather credentials that he hopes will secure his professorship at Harvard College. When Henry meets Fanny, he sees in her a kindred spirit, a lover of language and literature and high ideals. He is in love. Fanny, however, is uncertain. He is ten years older than she is, and from a much lower social class. How could such a relationship ever thrive?Could a book of Henry’s poetry, personally delivered, persuade Fanny to believe in a love that lasts forever and forever? ...more
8	The Marriage of Opposites	Historical Fiction	28.08	From the New York Times bestselling author of The Dovekeepers and The Museum of Extraordinary Things: a forbidden love story set on the tropical island of St. Thomas about the extraordinary woman who gave birth to painter Camille Pissarro; the Father of Impressionism.Growing up on idyllic St. Thomas in the early 1800s, Rachel dreams of life in faraway Paris. Rachel's mothe From the New York Times bestselling author of The Dovekeepers and The Museum of Extraordinary Things: a forbidden love story set on the tropical island of St. Thomas about the extraordinary woman who gave birth to painter Camille Pissarro; the Father of Impressionism.Growing up on idyllic St. Thomas in the early 1800s, Rachel dreams of life in faraway Paris. Rachel's mother, a pillar of their small refugee community of Jews who escaped the Inquisition, has never forgiven her daughter for being a difficult girl who refuses to live by the rules. Growing up, Rachel's salvation is their maid Adelle's belief in her strengths, and her deep, life-long friendship with Jestine, Adelle's daughter. But Rachel's life is not her own. She is married off to a widower with three children to save her father's business. When her husband dies suddenly and his handsome, much younger nephew, Fréderick, arrives from France to settle the estate, Rachel seizes her own life story, beginning a defiant, passionate love affair that sparks a scandal that affects all of her family, including her favorite son, who will become one of the greatest artists of France.Building on the triumphs of The Dovekeepers and The Museum of Extraordinary Things, set in a world of almost unimaginable beauty, The Marriage of Opposites showcases the beloved, bestselling Alice Hoffman at the height of her considerable powers. Once forgotten to history, the marriage of Rachel and Fréderick is a story that is as unforgettable as it is remarkable. ...more
11	A Paris Apartment	Historical Fiction	39.01	Bienvenue à Paris!When April Vogt's boss tells her about an apartment in the ninth arrondissement that has been discovered after being shuttered for the past seventy years, the Sotheby's continental furniture specialist does not hear the words “dust” or “rats” or “decrepit.” She hears Paris. She hears escape.Once in France, April quickly learns the apartment is not merely Bienvenue à Paris!When April Vogt's boss tells her about an apartment in the ninth arrondissement that has been discovered after being shuttered for the past seventy years, the Sotheby's continental furniture specialist does not hear the words “dust” or “rats” or “decrepit.” She hears Paris. She hears escape.Once in France, April quickly learns the apartment is not merely some rich hoarder's repository. Beneath the cobwebs and stale perfumed air is a goldmine, and not because of the actual gold (or painted ostrich eggs or mounted rhinoceros horns or bronze bathtub). First, there's a portrait by one of the masters of the Belle Epoque, Giovanni Boldini. And then there are letters and journals written by the very woman in the painting, Marthe de Florian. These documents reveal that she was more than a renowned courtesan with enviable decolletage. Suddenly April's quest is no longer about the bureaux plats and Louis-style armchairs that will fetch millions at auction. It's about discovering the story behind this charismatic woman.It's about discovering two women, actually.With the help of a salty (and annoyingly sexy) Parisian solicitor and the courtesan's private diaries, April tries to uncover the many secrets buried in the apartment. As she digs into Marthe's life, April can't help but take a deeper look into her own. Having left behind in the States a cheating husband, a family crisis about to erupt, and a career she's been using as the crutch to simply get by, she feels compelled to sort out her own life too. When the things she left bubbling back home begin to boil over, and Parisian delicacies beyond flaky pâtisseries tempt her better judgment, April knows that both she and Marthe deserve happy finales.Whether accompanied by croissants or champagne, this delectable debut novel depicts the Paris of the Belle Epoque and the present day with vibrant and stunning allure. Based on historical events, Michelle Gable's A Paris Apartment will entertain and inspire, as readers embrace the struggles and successes of two very unforgettable women. ...more
12	Lilac Girls	Historical Fiction	17.28	Inspired by the life of a real World War II heroine, this debut novel reveals a story of love, redemption, and secrets that were hidden for decades.New York socialite Caroline Ferriday has her hands full with her post at the French consulate and a new love on the horizon. But Caroline’s world is forever changed when Hitler’s army invades Poland in September 1939—and then s Inspired by the life of a real World War II heroine, this debut novel reveals a story of love, redemption, and secrets that were hidden for decades. New York socialite Caroline Ferriday has her hands full with her post at the French consulate and a new love on the horizon. But Caroline’s world is forever changed when Hitler’s army invades Poland in September 1939—and then sets its sights on France.   An ocean away from Caroline, Kasia Kuzmerick, a Polish teenager, senses her carefree youth disappearing as she is drawn deeper into her role as courier for the underground resistance movement. In a tense atmosphere of watchful eyes and suspecting neighbors, one false move can have dire consequences.   For the ambitious young German doctor, Herta Oberheuser, an ad for a government medical position seems her ticket out of a desolate life. Once hired, though, she finds herself trapped in a male-dominated realm of Nazi secrets and power.   The lives of these three women are set on a collision course when the unthinkable happens and Kasia is sent to Ravensbrück, the notorious Nazi concentration camp for women. Their stories cross continents—from New York to Paris, Germany, and Poland—as Caroline and Kasia strive to bring justice to those whom history has forgotten. ...more
18	Voyager (Outlander #3)	Historical Fiction	21.07	From the author of the breathtaking bestsellers Outlander and Dragonfly in Amber, the extraordinary saga continues.Their passionate encounter happened long ago by whatever measurement Claire Randall took. Two decades before, she had traveled back in time and into the arms of a gallant eighteenth-century Scot named Jamie Fraser. Then she returned to her own century to bear From the author of the breathtaking bestsellers Outlander and Dragonfly in Amber, the extraordinary saga continues.Their passionate encounter happened long ago by whatever measurement Claire Randall took. Two decades before, she had traveled back in time and into the arms of a gallant eighteenth-century Scot named Jamie Fraser. Then she returned to her own century to bear his child, believing him dead in the tragic battle of Culloden. Yet his memory has never lessened its hold on her... and her body still cries out for him in her dreams.Then Claire discovers that Jamie survived. Torn between returning to him and staying with their daughter in her own era, Claire must choose her destiny. And as time and space come full circle, she must find the courage to face the passion and pain awaiting her...the deadly intrigues raging in a divided Scotland... and the daring voyage into the dark unknown that can reunite or forever doom her timeless love. ...more
20	The Last Painting of Sara de Vos	Historical Fiction	55.55	This is what we long for: the profound pleasure of being swept into vivid new worlds, worlds peopled by characters so intriguing and real that we can't shake them, even long after the reading's done. In his earlier, award-winning novels, Dominic Smith demonstrated a gift for coaxing the past to life. Now, in The Last Painting of Sara de Vos, he deftly bridges the historica This is what we long for: the profound pleasure of being swept into vivid new worlds, worlds peopled by characters so intriguing and real that we can't shake them, even long after the reading's done. In his earlier, award-winning novels, Dominic Smith demonstrated a gift for coaxing the past to life. Now, in The Last Painting of Sara de Vos, he deftly bridges the historical and the contemporary, tracking a collision course between a rare landscape by a female Dutch painter of the golden age, an inheritor of the work in 1950s Manhattan, and a celebrated art historian who painted a forgery of it in her youth.In 1631, Sara de Vos is admitted as a master painter to the Guild of St. Luke's in Holland, the first woman to be so recognized. Three hundred years later, only one work attributed to de Vos is known to remain--a haunting winter scene, At the Edge of a Wood, which hangs over the bed of a wealthy descendant of the original owner. An Australian grad student, Ellie Shipley, struggling to stay afloat in New York, agrees to paint a forgery of the landscape, a decision that will haunt her. Because now, half a century later, she's curating an exhibit of female Dutch painters, and both versions threaten to arrive. As the three threads intersect, The Last Painting of Sara de Vos mesmerizes while it grapples with the demands of the artistic life, showing how the deceits of the past can forge the present. ...more
22	Girl in the Blue Coat	Historical Fiction	46.83	Amsterdam, 1943. Hanneke spends her days finding and delivering sought-after black market goods to paying customers, nights hiding the true nature of her work from her concerned parents, and every waking moment mourning her boyfriend, who was killed on the Dutch front lines when the German army invaded. Her illegal work keeps her family afloat, and Hanneke also likes to th Amsterdam, 1943. Hanneke spends her days finding and delivering sought-after black market goods to paying customers, nights hiding the true nature of her work from her concerned parents, and every waking moment mourning her boyfriend, who was killed on the Dutch front lines when the German army invaded. Her illegal work keeps her family afloat, and Hanneke also likes to think of it as a small act of rebellion against the Nazis.On a routine delivery, a client asks Hanneke for help. Expecting to hear that Mrs. Janssen wants meat or kerosene, Hanneke is shocked by the older woman’s frantic plea to find a person: a Jewish teenager Mrs. Janssen had been hiding, who has vanished without a trace from a secret room. Hanneke initially wants nothing to do with such a dangerous task but is ultimately drawn into a web of mysteries and stunning revelations—where the only way out is through.Beautifully written, intricately plotted, and meticulously researched, Girl in the Blue Coat is an extraordinary, unforgettable story of bravery, grief, and love in impossible times. ...more
64	The Torch Is Passed: A Harding Family Story	Add a comment	19.09	Andrea Harding is a recent college graduate looking forward to attending Duke Law School when her world is turned upside down by the shooting of her father, Nicholas, and uncle, Michael, in a surprising and puzzling attack. They are the only family she has, aside from her paternal grandmother Dorothy, so when her uncle dies from the attack and her father lays comatose in I Andrea Harding is a recent college graduate looking forward to attending Duke Law School when her world is turned upside down by the shooting of her father, Nicholas, and uncle, Michael, in a surprising and puzzling attack. They are the only family she has, aside from her paternal grandmother Dorothy, so when her uncle dies from the attack and her father lays comatose in ICU, it falls to Andrea to not only investigate who would want to kill her father and uncle, but also to oversee Harding Industries, the family company. When her father’s longtime attorney and one of a handful of family friends, Beth Cowling, rushes to help Andrea long distance, the youngest Harding soon finds herself surrounded by a bevy of intriguing new friends and helpers. First to arrive is Beth’s own daughter, Riva, acting as Andrea’s attorney after Andrea is violently attacked in her father’s home, where she grew up, forcing her to kill both would-be assassins. When Nicholas’s on again/off again lover, state prosecutor and gubernatorial hopeful Kerry Marcus, is equally at a loss to name suspects in the Harding family attacks, Riva begins her own investigation into the short list of family friends and colleagues, including Don Marshall, former colleague of Nicholas’s at Marshall Pharmaceutical, which Don now runs, and Don’s wife Karen. Marshall has a shady past, including an incident at his company that also involved Andrea’s father. She also looks closely at Marcus Ricci, father of Andrea’s closest high school friend, Jason. After Jason’s death from leukemia, Ricci becomes like a second father to Andrea. Ricci is also widely believed to have ties to the New Jersey mob. But Beth has another contact she wants involved in the investigation, Deirdre Southington, daughter of Beth’s old friend Cordelia Southington. The Southington family has more money than God, as well as, through Deirdre, more contacts in the intriguing world of international espionage. A former NSA agent, Deirdre is mysterious and beautiful in a cold way. An eccentric who travels via private rail car, she is also extraordinarily persuasive, holding a PhD in forensic psychology that she has put to great use in both her work with the NSA and on her own, as a defender of good, rooting out evil doers and ensuring they are brought to her own brand of justice. Andrea, Riva, and Deirdre all also cast a suspicious eye on the Oakes brothers, Carlton and Jefferson, who run Oakes Industries along with their silent partner and cousin, New Jersey state senator Schuyler Colfax, who also has his eye on the governor’s seat. Oakes Industries has recently made an attempt to purchase Harding Industries, a seemingly irrational move that is rebuffed by Nicholas. What no one knows until much later is that the Oakes brothers have entered into a business deal with Russian mobster Viktor Roman, who represents the real party interested in acquiring Harding Industries, a Vor, Russian organized crime unit, with heavy international interests in the energy sector. Andrea matures quickly as she rapidly learns who she can and cannot trust during her search for the people out to kill her family. Along with her new friends and advocates, she discovers Harding Industries holds a soon to expire option to buy property that could become the source of untold billions from oil reserves, and moves in the nick of time to exercise their right to purchase. But the biggest blow for the Harding family is yet to come—the discovery that Viktor Roman has promised Kerry Marcus the governor’s seat in exchange for information about the Hardings, including Nicholas and Michael’s whereabouts on the night they are shot. Ultimately, Andrea chooses to forego law school and becomes her father’s new partner in Harding Industries, no doubt with many adventures yet to come. Masterfully told using a smattering of historical facts along with a soundtrack of classical music masterpieces, this thriller keeps readers on edge until the very end. ...more
65	The Mindfulness and Acceptance Workbook for Anxiety: A Guide to Breaking Free from Anxiety, Phobias, and Worry Using Acceptance and Commitment Therapy	Add a comment	23.89	Is anxiety and fear a problem for you? Have you tried to win the war with your anxious mind and body, only to end up feeling frustrated, powerless, and stuck? If so, you’re not alone. But there is a way forward, a path into genuine happiness, and a way back into living the kind of life you so desperately want. This workbook will help you get started on this new journey tod Is anxiety and fear a problem for you? Have you tried to win the war with your anxious mind and body, only to end up feeling frustrated, powerless, and stuck? If so, you’re not alone. But there is a way forward, a path into genuine happiness, and a way back into living the kind of life you so desperately want. This workbook will help you get started on this new journey today!Now in its second edition, The Mindfulness and Acceptance Workbook for Anxiety offers a new approach to your anxiety, fears, and your life. Within its pages, you’ll find a powerful and tested set of tools and strategies to help you gain freedom from fear, trauma, worry, and all the many manifestations of anxiety and fear. The book offers an empowering approach to help you create the kind of life you so desperately want to live.Based on a revolutionary approach to psychological health and wellness called acceptance and commitment therapy (ACT), this fully revised and updated second edition offers compelling new exercises to help you create the conditions for your own genuine happiness and peace of mind. You’ll learn how your mind can trap you, keeping you stuck and struggling in anxiety and fear. You’ll also discover ways to nurture your capacity for acceptance, mindfulness, kindness, and compassion, and use these qualities to weaken the power of anxiety and fear so that you can gain the space do what truly matters to you. Now is the time.Nobody chooses anxiety. And there is no healthy way to “turn off” anxious thoughts and feelings like a light switch. But you can learn to break free from the shackles of anxiety and fear and take back your life. The purpose of this workbook is to help you do just that. Your life is calling on you to make that choice, and the skills in this workbook can help you make it happen. You can live better, more fully, and more richly with or without anxiety and fear. This book will show you the way.This book has been awarded The Association for Behavioral and Cognitive Therapies Self-Help Seal of Merit — an award bestowed on outstanding self-help books that are consistent with cognitive behavioral therapy (CBT) principles and that incorporate scientifically tested strategies for overcoming mental health difficulties. Used alone or in conjunction with therapy, our books offer powerful tools readers can use to jump-start changes in their lives. ...more
66	The Art Forger	Add a comment	40.76	On March 18, 1990, thirteen works of art today worth over $500 million were stolen from the Isabella Stewart Gardner Museum in Boston. It remains the largest unsolved art heist in history, and Claire Roth, a struggling young artist, is about to discover that there’s more to this crime than meets the eye.Making a living reproducing famous artworks for a popular online retai On March 18, 1990, thirteen works of art today worth over $500 million were stolen from the Isabella Stewart Gardner Museum in Boston. It remains the largest unsolved art heist in history, and Claire Roth, a struggling young artist, is about to discover that there’s more to this crime than meets the eye.Making a living reproducing famous artworks for a popular online retailer and desperate to improve her situation, Claire is lured into a Faustian bargain with Aiden Markel, a powerful gallery owner. She agrees to forge a painting—a Degas masterpiece stolen from the Gardner Museum—in exchange for a one-woman show in his renowned gallery. But when that very same long-missing Degas painting is delivered to Claire’s studio, she begins to suspect that it may itself be a forgery.Her desperate search for the truth leads Claire into a labyrinth of deceit where secrets hidden since the late nineteenth century may be the only evidence that can now save her life. ...more
67	On a Midnight Clear	Add a comment	14.07	It's Christmas Eve and private investigator Adam Fraley has lost his way while traveling a remote rural road in the foothills of the Colorado Rockies during a heavy snowstorm. At a loss as to where to turn next, he happens upon an isolated cabin in the woods where he stops to seek directions. There to greet him is the dwelling's lone inhabitant, an enchanting young girl wh It's Christmas Eve and private investigator Adam Fraley has lost his way while traveling a remote rural road in the foothills of the Colorado Rockies during a heavy snowstorm. At a loss as to where to turn next, he happens upon an isolated cabin in the woods where he stops to seek directions. There to greet him is the dwelling's lone inhabitant, an enchanting young girl who invites him out of the storm. Puzzled by the circumstances of a child left home along under such conditions, Fraley soon discovers the horrific reason why, a revelation that launches him into an intensive search for both a killer and a trove of buried gold. ...more
68	Judo: Seven Steps to Black Belt (an Introductory Guide for Beginners)	Add a comment	53.90	Displaying the most impressive throws, compelling armbars, dominant pins, and decisive chokes, judo is a particularly powerful sport and martial art that can bring opponents into submission in highly effective ways. With determination and perseverance, such tremendous power could be yours. Designed with safety considerations in mind, judo allows people of all ages to be in Displaying the most impressive throws, compelling armbars, dominant pins, and decisive chokes, judo is a particularly powerful sport and martial art that can bring opponents into submission in highly effective ways. With determination and perseverance, such tremendous power could be yours. Designed with safety considerations in mind, judo allows people of all ages to be involved in a long-term fitness activity with opportunities for continuous improvement. Judo is a way of life that promotes physical and mental harmony, encourages the development of self-confidence and leadership abilities, prepares practitioners to act in self-defense, and instills values such as discipline, respect, and diligence. Judo is also an Olympic sport that has been gaining increasing worldwide visibility. ...more
69	Shobu Samurai, Project Aryoku (#3)	Add a comment	29.06	Welcome to the Ark. In a place known as the Six Civilizations all is not as it seems, the six leaders though living in peace for the last decade soon find themselves struck by tragedy again! When the grandson of Chaos P. Karafuta, the world's infamous scientist and inventor, King and his best friend Shabu accidently unlock the secrets to a weapon known simply as ‘Project A Welcome to the Ark. In a place known as the Six Civilizations all is not as it seems, the six leaders though living in peace for the last decade soon find themselves struck by tragedy again! When the grandson of Chaos P. Karafuta, the world's infamous scientist and inventor, King and his best friend Shabu accidently unlock the secrets to a weapon known simply as ‘Project Aryoku'. In his greed for power King will sacrifice everyone he loves to obtain its power. However, it falls into the hands of his nephew, Shobu Samurai. At the sight of losing his parents, his unbound power obliterates his hometown with no recollection of doing so. Now ten years later, Shobu Samurai returns to seek revenge on his uncle but instead will face a choice to save his home from shadow creatures, blood beast and organization once thought dead. ...more
70	Modern Romance	Add a comment	28.26	Now a New York Times BestsellerA hilarious, thoughtful, and in-depth exploration of thepleasures and perils of modern romance from one of this generation’s sharpest comedic voicesAt some point, every one of us embarks on a journey to find love. We meet people, date, getinto and out of relationships, all with the hopeof finding someone with whom we share a deepconnection. T Now a New York Times BestsellerA hilarious, thoughtful, and in-depth exploration of the pleasures and perils of modern romance from one of this generation’s sharpest comedic voicesAt some point, every one of us embarks on a journey to find love. We meet people, date, get into and out of relationships, all with the hope of finding someone with whom we share a deep connection. This seems standard now, but it’s wildly different from what people did even just decades ago. Single people today have more romantic options than at any point in human history. With technology, our abilities to connect with and sort through these options are staggering. So why are so many people frustrated?Some of our problems are unique to our time. “Why did this guy just text me an emoji of a pizza?” “Should I go out with this girl even though she listed Combos as one of her favorite snack foods? Combos?!” “My girlfriend just got a message from some dude named Nathan. Who’s Nathan? Did he just send her a photo of his penis? Should I check just to be sure?” But the transformation of our romantic lives can’t be explained by technology alone. In a short period of time, the whole culture of finding love has changed dramatically. A few decades ago, people would find a decent person who lived in their neighborhood. Their families would meet and, after deciding neither party seemed like a murderer, they would get married and soon have a kid, all by the time they were twenty-four. Today, people marry later than ever and spend years of their lives on a quest to find the perfect person, a soul mate.For years, Aziz Ansari has been aiming his comic insight at modern romance, but for Modern Romance, the book, he decided he needed to take things to another level. He teamed up with NYU sociologist Eric Klinenberg and designed a massive research project, including hundreds of interviews and focus groups conducted everywhere from Tokyo to Buenos Aires to Wichita. They analyzed behavioral data and surveys and created their own online research forum on Reddit, which drew thousands of messages. They enlisted the world’s leading social scientists, including Andrew Cherlin, Eli Finkel, Helen Fisher, Sheena Iyengar, Barry Schwartz, Sherry Turkle, and Robb Willer. The result is unlike any social science or humor book we’ve seen before.In Modern Romance, Ansari combines his irreverent humor with cutting-edge social science to give us an unforgettable tour of our new romantic world. ...more
71	The White Queen (The Cousins' War #1)	Add a comment	25.91	Philippa Gregory presents the first of a new series set amid the deadly feuds of England known as the Wars of the Roses.Brother turns on brother to win the ultimate prize, the throne of England, in this dazzling account of the wars of the Plantagenets. They are the claimants and kings who ruled England before the Tudors, and now Philippa Gregory brings them to life through Philippa Gregory presents the first of a new series set amid the deadly feuds of England known as the Wars of the Roses.Brother turns on brother to win the ultimate prize, the throne of England, in this dazzling account of the wars of the Plantagenets. They are the claimants and kings who ruled England before the Tudors, and now Philippa Gregory brings them to life through the dramatic and intimate stories of the secret players: the indomitable women, starting with Elizabeth Woodville, the White Queen.The White Queen tells the story of a woman of extraordinary beauty and ambition who, catching the eye of the newly crowned boy king, marries him in secret and ascends to royalty. While Elizabeth rises to the demands of her exalted position and fights for the success of her family, her two sons become central figures in a mystery that has confounded historians for centuries: the missing princes in the Tower of London whose fate is still unknown. From her uniquely qualified perspective, Philippa Gregory explores this most famous unsolved mystery of English history, informed by impeccable research and framed by her inimitable storytelling skills.With The White Queen, Philippa Gregory brings the artistry and intellect of a master writer and storyteller to a new era in history and begins what is sure to be another bestselling classic series from this beloved author. ...more
73	The Immortal Life of Henrietta Lacks	Add a comment	40.67	Henrietta Lacks, as HeLa, is known to present-day scientists for her cells from cervical cancer. She was a poor Southern tobacco farmer who worked the same land as her slave ancestors, yet her cells were taken without her knowledge and still live decades after her death. Cells descended from her may weigh more than 50M metric tons. HeLa cells were vital for developing the Henrietta Lacks, as HeLa, is known to present-day scientists for her cells from cervical cancer. She was a poor Southern tobacco farmer who worked the same land as her slave ancestors, yet her cells were taken without her knowledge and still live decades after her death. Cells descended from her may weigh more than 50M metric tons. HeLa cells were vital for developing the polio vaccine; uncovered secrets of cancer, viruses, and the atom bomb’s effects; helped lead to important advances like in vitro fertilization, cloning, and gene mapping; and have been bought and sold by the billions. Yet Henrietta Lacks was buried in an unmarked grave.The journey starts in the “colored” ward of Johns Hopkins Hospital in the 1950s, her small, dying hometown of Clover, Virginia — wooden slave quarters, faith healings, and voodoo. Today are stark white laboratories with freezers full of HeLa cells, East Baltimore children and grandchildren live in obscurity, see no profits, and feel violated. The dark history of experimentation on African Americans helped lead to the birth of bioethics, and legal battles over whether we control the stuff we are made of. ...more
74	The Dovekeepers	Add a comment	48.78	Blends mythology, magic, archaeology and women. Traces four women, their path to the Masada massacre. In 70 CE, nine hundred Jews held out for months against armies of Romans on a mountain in the Judean desert, Masada. According to the ancient historian Josephus, two women and five children survived. Four bold, resourceful, and sensuous women come to Masada by a different Blends mythology, magic, archaeology and women. Traces four women, their path to the Masada massacre. In 70 CE, nine hundred Jews held out for months against armies of Romans on a mountain in the Judean desert, Masada. According to the ancient historian Josephus, two women and five children survived. Four bold, resourceful, and sensuous women come to Masada by a different path. Yael’s mother died in childbirth, and her father never forgave her for that death. Revka, a village baker’s wife, watched the horrifically brutal murder of her daughter by Roman soldiers; she brings to Masada her twin grandsons, rendered mute by their own witness. Aziza is a warrior’s daughter, raised as a boy, a fearless rider and expert marksman, who finds passion with another soldier. Shirah is wise in the ways of ancient magic and medicine, a woman with uncanny insight and power. The four lives intersect in the desperate days of the siege, as the Romans draw near. All are dovekeepers, and all are also keeping secrets — about who they are, where they come from, who fathered them, and whom they love. ...more
75	More Than Music (Chasing the Dream #1)	Add a comment	37.61	Classical musician Maddie Taylor secretly dreams of a louder life, but geeky girls like her don't get to be rock stars. That is, until tattooed singer Jared Cross catches her playing guitar and invites her to join his band on The Sound, a reality TV show competition.Once on the show, Maddie discovers there's more to Jared than his flirty smile and bad boy reputation. With Classical musician Maddie Taylor secretly dreams of a louder life, but geeky girls like her don't get to be rock stars. That is, until tattooed singer Jared Cross catches her playing guitar and invites her to join his band on The Sound, a reality TV show competition.Once on the show, Maddie discovers there's more to Jared than his flirty smile and bad boy reputation. With each performance their attraction becomes impossible to ignore, but when the show pressures them to stay single, they're forced to keep their relationship secret.As the competition heats up, Jared will do whatever it takes for his band to win, and Maddie must decide if following her dream is worth losing her heart. ...more
76	Code Name Verity (Code Name Verity #1)	Add a comment	22.13	I have two weeks. You'll shoot me at the end no matter what I do.That's what you do to enemy agents. It's what we do to enemy agents. But I look at all the dark and twisted roads ahead and cooperation is the easy way out. Possibly the only way out for a girl caught red-handed doing dirty work like mine - and I will do anything, anything to avoid SS-Hauptsturmführer von Lin I have two weeks. You'll shoot me at the end no matter what I do.That's what you do to enemy agents. It's what we do to enemy agents. But I look at all the dark and twisted roads ahead and cooperation is the easy way out. Possibly the only way out for a girl caught red-handed doing dirty work like mine - and I will do anything, anything to avoid SS-Hauptsturmführer von Linden interrogating me again.He has said that I can have as much paper as I need. All I have to do is cough up everything I can remember about the British War Effort. And I'm going to. But the story of how I came to be here starts with my friend Maddie. She is the pilot who flew me into France - an Allied Invasion of Two.We are a sensational team. ...more
77	Cell	Add a comment	20.29	Witness Stephen King's triumphant, blood-spattered return to the genre that made him famous. Cell, the king of horror's homage to zombie films (the book is dedicated in part to George A. Romero) is his goriest, most horrific novel in years, not to mention the most intensely paced. Casting aside his love of elaborate character and town histories and penchant for delayed gra Witness Stephen King's triumphant, blood-spattered return to the genre that made him famous. Cell, the king of horror's homage to zombie films (the book is dedicated in part to George A. Romero) is his goriest, most horrific novel in years, not to mention the most intensely paced. Casting aside his love of elaborate character and town histories and penchant for delayed gratification, King yanks readers off their feet within the first few pages; dragging them into the fray and offering no chance catch their breath until the very last page. In Cell King taps into readers fears of technological warfare and terrorism. Mobile phones deliver the apocalypse to millions of unsuspecting humans by wiping their brains of any humanity, leaving only aggressive and destructive impulses behind. Those without cell phones, like illustrator Clayton Riddell and his small band of "normies," must fight for survival, and their journey to find Clayton's estranged wife and young son rockets the book toward resolution. Fans that have followed King from the beginning will recognize and appreciate Cell as a departure--King's writing has not been so pure of heart and free of hang-ups in years (wrapping up his phenomenal Dark Tower series and receiving a medal from the National Book Foundation doesn't hurt either). "Retirement" clearly suits King, and lucky for us, having nothing left to prove frees him up to write frenzied, juiced-up horror-thrillers like Cell. Stay tuned for more from the hardest-working retiree in the business with Lisey's Story, coming in October 2006. --Daphne Durham ...more
78	Angels Walking (Angels Walking #1)	Add a comment	34.20	When former national baseball star Tyler Ames suffers a career-ending injury, all he can think about is putting his life back together the way it was before. He has lost everyone he loves on his way to the big leagues. Then just when things seem to be turning around, Tyler hits rock bottom. Across the country, Tyler’s one true love Sami Dawson has moved on. A series of sma When former national baseball star Tyler Ames suffers a career-ending injury, all he can think about is putting his life back together the way it was before. He has lost everyone he loves on his way to the big leagues. Then just when things seem to be turning around, Tyler hits rock bottom. Across the country, Tyler’s one true love Sami Dawson has moved on. A series of small miracles leads Tyler to a maintenance job at a retirement home and a friendship with Virginia Hutcheson, an old woman with Alzheimer’s who strangely might have the answers he so desperately seeks.A team of Angels Walking take on the mission to restore hope for Tyler, Sami, and Virginia. Can such small and seemingly insignificant actions of the unseen bring healing and redemption? And can the words of a stranger rekindle lost love? Every journey begins with a step.It is time for the mission to begin… ...more
79	A Series of Catastrophes and Miracles: A True Story of Love, Science, and Cancer	Add a comment	56.48	A wry, witty account of what it is like to face death—and be restored to life.After being diagnosed in her early 40s with metastatic melanoma—a "rapidly fatal" form of cancer—journalist and mother of two Mary Elizabeth Williams finds herself in a race against the clock. She takes a once-in-a-lifetime chance and joins a clinical trial for immunotherapy, a revolutionary drug A wry, witty account of what it is like to face death—and be restored to life.After being diagnosed in her early 40s with metastatic melanoma—a "rapidly fatal" form of cancer—journalist and mother of two Mary Elizabeth Williams finds herself in a race against the clock. She takes a once-in-a-lifetime chance and joins a clinical trial for immunotherapy, a revolutionary drug regimen that trains the body to vanquish malignant cells. Astonishingly, her cancer disappears entirely in just a few weeks. But at the same time, her best friend embarks on a cancer journey of her own—with very different results. Williams's experiences as a patient and a medical test subject reveal with stark honesty what it takes to weather disease, the extraordinary new developments that are rewriting the rules of science—and the healing power of human connection. ...more
80	A People's History of the United States	Add a comment	40.79	Known for its lively, clear prose as well as its scholarly research, A People's History of the United States is the only volume to tell America's story from the point of view of - and in the words of - America's women, factory workers, African Americans, Native Americans, working poor, and immigrant laborers.
81	A Brush of Wings (Angels Walking #3)	Add a comment	55.51	From #1 New York Times bestselling author Karen Kingsbury comes the third novel in the unforgettable Angels Walking series about divine intervention and the trials and triumphs of life for a group of friends.Despite needing a heart transplant and against the advice of her doctor, Mary Catherine moves to Uganda to work at a brand new orphanage. Whatever time she has left, M From #1 New York Times bestselling author Karen Kingsbury comes the third novel in the unforgettable Angels Walking series about divine intervention and the trials and triumphs of life for a group of friends.Despite needing a heart transplant and against the advice of her doctor, Mary Catherine moves to Uganda to work at a brand new orphanage. Whatever time she has left, Mary Catherine wants to spend it helping children—especially since there will be no children of her own. The only problem is Major League Baseball player Marcus Dillinger, the man she never meant to fall in love with. Neither Marcus nor Mary Catherine’s other friends—Tyler Ames and Sami Dawson—know just how serious her heart condition is.Still, Marcus is sure in the depths of his soul that something isn’t right. Ultimately his correspondence with Mary Catherine leads him on a desperate life-or-death mission to rescue her and get her to a US hospital before time runs out. Meanwhile, Sami and Tyler struggle with issues of their own. In a season when Tyler plans to ask Sami to marry him, the very core of their relationship is in jeopardy.The team of angels walking is busier than ever in this epic battle between life and death. A Brush of Wings is a poignant tale of love, sacrifice, and the power of faith. ...more
82	Rook	Add a comment	37.86	History has a way of repeating itself. In the Sunken City that was once Paris, all who oppose the new revolution are being put to the blade. Except for those who disappear from their prison cells, a red-tipped rook feather left in their place. The mysterious Red Rook a savior of the innocent, and a criminal in the eyes of the government.Meanwhile, across the sea in the Com History has a way of repeating itself. In the Sunken City that was once Paris, all who oppose the new revolution are being put to the blade. Except for those who disappear from their prison cells, a red-tipped rook feather left in their place. The mysterious Red Rook a savior of the innocent, and a criminal in the eyes of the government.Meanwhile, across the sea in the Commonwealth, Sophia Bellamy's arranged marriage to the wealthy René Hasard is the last chance to save her family from ruin. But when the search for the Red Rook comes straight to her doorstep, Sophia discovers that her fiancé is not all he seems. Which is only fair, because neither is she. As the Red Rook grows bolder and the stakes grow ever higher, Sophia and René find themselves locked in a tantalizing game of cat and mouse.Daring intrigue, delicious romance, and spine-tingling suspense fill the pages of this extraordinary tale from award-winning author Sharon Cameron. ...more
83	The Midnight Watch: A Novel of the Titanic and the Californian	Add a comment	26.20	As the Titanic and her passengers sank slowly into the Atlantic Ocean after striking an iceberg late in the evening of April 14, 1912, a nearby ship looked on. Second Officer Herbert Stone, in charge of the midnight watch on the SS Californian sitting idly a few miles north, saw the distress rockets that the Titanic fired. He alerted the captain, Stanley Lord, who was slee As the Titanic and her passengers sank slowly into the Atlantic Ocean after striking an iceberg late in the evening of April 14, 1912, a nearby ship looked on. Second Officer Herbert Stone, in charge of the midnight watch on the SS Californian sitting idly a few miles north, saw the distress rockets that the Titanic fired. He alerted the captain, Stanley Lord, who was sleeping in the chartroom below, but Lord did not come to the bridge. Eight rockets were fired during the dark hours of the midnight watch, and eight rockets were ignored. The next morning, the Titanic was at the bottom of the sea and more than 1,500 people were dead. When they learned of the extent of the tragedy, Lord and Stone did everything they could to hide their role in the disaster, but pursued by newspapermen, lawyers, and political leaders in America and England, their terrible secret was eventually revealed. The Midnight Watch is a fictional telling of what may have occurred that night on the SS Californian, and the resulting desperation of Officer Stone and Captain Lord in the aftermath of their inaction.Told not only from the perspective of the SS Californian crew, but also through the eyes of a family of third-class passengers who perished in the disaster, the narrative is drawn together by Steadman, a tenacious Boston journalist who does not rest until the truth is found. The Midnight Watch is a powerful and dramatic debut novel--the result of many years of research in Liverpool, London, New York, and Boston, and informed by the author's own experiences as a ship's officer and a lawyer. ...more
\.


--
-- Data for Name: django_admin_log; Type: TABLE DATA; Schema: public; Owner: postgres
--

COPY public.django_admin_log (id, action_time, object_id, object_repr, action_flag, change_message, content_type_id, user_id) FROM stdin;
1	2026-03-14 10:30:29.586338+00	1	Admin	1	[{"added": {}}]	3	1
2	2026-03-14 10:30:50.546223+00	2	Users	1	[{"added": {}}]	3	1
3	2026-03-14 10:31:02.486134+00	1	Admins	2	[{"changed": {"fields": ["Name"]}}]	3	1
4	2026-03-14 10:38:47.583477+00	2	AdminAnkit	1	[{"added": {}}]	4	1
5	2026-03-14 10:39:16.717169+00	2	AdminAnkit	2	[{"changed": {"fields": ["Groups"]}}]	4	1
6	2026-03-14 10:39:34.770775+00	3	UserAnkit	1	[{"added": {}}]	4	1
7	2026-03-14 10:39:43.415685+00	3	UserAnkit	2	[{"changed": {"fields": ["Groups"]}}]	4	1
8	2026-03-14 14:16:49.916232+00	1	Atomic Habits	1	[{"added": {}}]	7	1
9	2026-03-14 14:36:56.684721+00	1	Admins	2	[{"changed": {"fields": ["Permissions"]}}]	3	1
10	2026-03-14 14:37:27.453903+00	2	Users	2	[{"changed": {"fields": ["Permissions"]}}]	3	1
11	2026-03-14 14:43:16.315479+00	3	UserAnkit	2	[]	4	1
12	2026-03-14 14:43:28.084979+00	2	AdminAnkit	2	[]	4	1
13	2026-03-14 14:46:30.114577+00	1	Admins	2	[]	3	1
\.


--
-- Data for Name: django_content_type; Type: TABLE DATA; Schema: public; Owner: postgres
--

COPY public.django_content_type (id, app_label, model) FROM stdin;
1	admin	logentry
2	auth	permission
3	auth	group
4	auth	user
5	contenttypes	contenttype
6	sessions	session
7	books	book
\.


--
-- Data for Name: django_migrations; Type: TABLE DATA; Schema: public; Owner: postgres
--

COPY public.django_migrations (id, app, name, applied) FROM stdin;
1	contenttypes	0001_initial	2026-03-14 10:21:04.636984+00
2	auth	0001_initial	2026-03-14 10:21:05.020501+00
3	admin	0001_initial	2026-03-14 10:21:05.111843+00
4	admin	0002_logentry_remove_auto_add	2026-03-14 10:21:05.128874+00
5	admin	0003_logentry_add_action_flag_choices	2026-03-14 10:21:05.146696+00
6	contenttypes	0002_remove_content_type_name	2026-03-14 10:21:05.19799+00
7	auth	0002_alter_permission_name_max_length	2026-03-14 10:21:05.223284+00
8	auth	0003_alter_user_email_max_length	2026-03-14 10:21:05.257893+00
9	auth	0004_alter_user_username_opts	2026-03-14 10:21:05.283204+00
10	auth	0005_alter_user_last_login_null	2026-03-14 10:21:05.314993+00
11	auth	0006_require_contenttypes_0002	2026-03-14 10:21:05.323372+00
12	auth	0007_alter_validators_add_error_messages	2026-03-14 10:21:05.362627+00
13	auth	0008_alter_user_username_max_length	2026-03-14 10:21:05.408273+00
14	auth	0009_alter_user_last_name_max_length	2026-03-14 10:21:05.439318+00
15	auth	0010_alter_group_name_max_length	2026-03-14 10:21:05.537653+00
16	auth	0011_update_proxy_permissions	2026-03-14 10:21:05.567248+00
17	auth	0012_alter_user_first_name_max_length	2026-03-14 10:21:05.605407+00
18	sessions	0001_initial	2026-03-14 10:21:05.689448+00
19	books	0001_initial	2026-03-14 14:14:56.387145+00
20	books	0002_alter_book_description_alter_book_genre_and_more	2026-03-15 11:12:12.980257+00
21	books	0003_alter_book_title	2026-03-15 11:13:48.393238+00
\.


--
-- Data for Name: django_session; Type: TABLE DATA; Schema: public; Owner: postgres
--

COPY public.django_session (session_key, session_data, expire_date) FROM stdin;
s6a2kzlbrpz9qb5end7j6rf4ct3as986	.eJxVjMsOgjAUBf-la9NcKqWtS_d8Q3NfWNRAQmFl_HclYaHbMzPnZTJua8lb1SWPYi7GmdPvRsgPnXYgd5xus-V5WpeR7K7Yg1bbz6LP6-H-HRSs5VsjCUQAJg4dtgOo94lZ2QkFbc6AkCh553xD2AxtlwIEYkkeooqLYN4f_oc4HA:1w1R8A:xZfp6jKfaPIp98e2UsMtjYOGtSSzdpVDmHZJI3JD8Vg	2026-03-28 15:42:22.326341+00
\.


--
-- Name: auth_group_id_seq; Type: SEQUENCE SET; Schema: public; Owner: postgres
--

SELECT pg_catalog.setval('public.auth_group_id_seq', 2, true);


--
-- Name: auth_group_permissions_id_seq; Type: SEQUENCE SET; Schema: public; Owner: postgres
--

SELECT pg_catalog.setval('public.auth_group_permissions_id_seq', 5, true);


--
-- Name: auth_permission_id_seq; Type: SEQUENCE SET; Schema: public; Owner: postgres
--

SELECT pg_catalog.setval('public.auth_permission_id_seq', 28, true);


--
-- Name: auth_user_groups_id_seq; Type: SEQUENCE SET; Schema: public; Owner: postgres
--

SELECT pg_catalog.setval('public.auth_user_groups_id_seq', 2, true);


--
-- Name: auth_user_id_seq; Type: SEQUENCE SET; Schema: public; Owner: postgres
--

SELECT pg_catalog.setval('public.auth_user_id_seq', 3, true);


--
-- Name: auth_user_user_permissions_id_seq; Type: SEQUENCE SET; Schema: public; Owner: postgres
--

SELECT pg_catalog.setval('public.auth_user_user_permissions_id_seq', 1, false);


--
-- Name: books_book_id_seq; Type: SEQUENCE SET; Schema: public; Owner: postgres
--

SELECT pg_catalog.setval('public.books_book_id_seq', 83, true);


--
-- Name: django_admin_log_id_seq; Type: SEQUENCE SET; Schema: public; Owner: postgres
--

SELECT pg_catalog.setval('public.django_admin_log_id_seq', 13, true);


--
-- Name: django_content_type_id_seq; Type: SEQUENCE SET; Schema: public; Owner: postgres
--

SELECT pg_catalog.setval('public.django_content_type_id_seq', 7, true);


--
-- Name: django_migrations_id_seq; Type: SEQUENCE SET; Schema: public; Owner: postgres
--

SELECT pg_catalog.setval('public.django_migrations_id_seq', 21, true);


--
-- Name: auth_group auth_group_name_key; Type: CONSTRAINT; Schema: public; Owner: postgres
--

ALTER TABLE ONLY public.auth_group
    ADD CONSTRAINT auth_group_name_key UNIQUE (name);


--
-- Name: auth_group_permissions auth_group_permissions_group_id_permission_id_0cd325b0_uniq; Type: CONSTRAINT; Schema: public; Owner: postgres
--

ALTER TABLE ONLY public.auth_group_permissions
    ADD CONSTRAINT auth_group_permissions_group_id_permission_id_0cd325b0_uniq UNIQUE (group_id, permission_id);


--
-- Name: auth_group_permissions auth_group_permissions_pkey; Type: CONSTRAINT; Schema: public; Owner: postgres
--

ALTER TABLE ONLY public.auth_group_permissions
    ADD CONSTRAINT auth_group_permissions_pkey PRIMARY KEY (id);


--
-- Name: auth_group auth_group_pkey; Type: CONSTRAINT; Schema: public; Owner: postgres
--

ALTER TABLE ONLY public.auth_group
    ADD CONSTRAINT auth_group_pkey PRIMARY KEY (id);


--
-- Name: auth_permission auth_permission_content_type_id_codename_01ab375a_uniq; Type: CONSTRAINT; Schema: public; Owner: postgres
--

ALTER TABLE ONLY public.auth_permission
    ADD CONSTRAINT auth_permission_content_type_id_codename_01ab375a_uniq UNIQUE (content_type_id, codename);


--
-- Name: auth_permission auth_permission_pkey; Type: CONSTRAINT; Schema: public; Owner: postgres
--

ALTER TABLE ONLY public.auth_permission
    ADD CONSTRAINT auth_permission_pkey PRIMARY KEY (id);


--
-- Name: auth_user_groups auth_user_groups_pkey; Type: CONSTRAINT; Schema: public; Owner: postgres
--

ALTER TABLE ONLY public.auth_user_groups
    ADD CONSTRAINT auth_user_groups_pkey PRIMARY KEY (id);


--
-- Name: auth_user_groups auth_user_groups_user_id_group_id_94350c0c_uniq; Type: CONSTRAINT; Schema: public; Owner: postgres
--

ALTER TABLE ONLY public.auth_user_groups
    ADD CONSTRAINT auth_user_groups_user_id_group_id_94350c0c_uniq UNIQUE (user_id, group_id);


--
-- Name: auth_user auth_user_pkey; Type: CONSTRAINT; Schema: public; Owner: postgres
--

ALTER TABLE ONLY public.auth_user
    ADD CONSTRAINT auth_user_pkey PRIMARY KEY (id);


--
-- Name: auth_user_user_permissions auth_user_user_permissions_pkey; Type: CONSTRAINT; Schema: public; Owner: postgres
--

ALTER TABLE ONLY public.auth_user_user_permissions
    ADD CONSTRAINT auth_user_user_permissions_pkey PRIMARY KEY (id);


--
-- Name: auth_user_user_permissions auth_user_user_permissions_user_id_permission_id_14a6b632_uniq; Type: CONSTRAINT; Schema: public; Owner: postgres
--

ALTER TABLE ONLY public.auth_user_user_permissions
    ADD CONSTRAINT auth_user_user_permissions_user_id_permission_id_14a6b632_uniq UNIQUE (user_id, permission_id);


--
-- Name: auth_user auth_user_username_key; Type: CONSTRAINT; Schema: public; Owner: postgres
--

ALTER TABLE ONLY public.auth_user
    ADD CONSTRAINT auth_user_username_key UNIQUE (username);


--
-- Name: books_book books_book_pkey; Type: CONSTRAINT; Schema: public; Owner: postgres
--

ALTER TABLE ONLY public.books_book
    ADD CONSTRAINT books_book_pkey PRIMARY KEY (id);


--
-- Name: books_book books_book_title_be31d1ef_uniq; Type: CONSTRAINT; Schema: public; Owner: postgres
--

ALTER TABLE ONLY public.books_book
    ADD CONSTRAINT books_book_title_be31d1ef_uniq UNIQUE (title);


--
-- Name: django_admin_log django_admin_log_pkey; Type: CONSTRAINT; Schema: public; Owner: postgres
--

ALTER TABLE ONLY public.django_admin_log
    ADD CONSTRAINT django_admin_log_pkey PRIMARY KEY (id);


--
-- Name: django_content_type django_content_type_app_label_model_76bd3d3b_uniq; Type: CONSTRAINT; Schema: public; Owner: postgres
--

ALTER TABLE ONLY public.django_content_type
    ADD CONSTRAINT django_content_type_app_label_model_76bd3d3b_uniq UNIQUE (app_label, model);


--
-- Name: django_content_type django_content_type_pkey; Type: CONSTRAINT; Schema: public; Owner: postgres
--

ALTER TABLE ONLY public.django_content_type
    ADD CONSTRAINT django_content_type_pkey PRIMARY KEY (id);


--
-- Name: django_migrations django_migrations_pkey; Type: CONSTRAINT; Schema: public; Owner: postgres
--

ALTER TABLE ONLY public.django_migrations
    ADD CONSTRAINT django_migrations_pkey PRIMARY KEY (id);


--
-- Name: django_session django_session_pkey; Type: CONSTRAINT; Schema: public; Owner: postgres
--

ALTER TABLE ONLY public.django_session
    ADD CONSTRAINT django_session_pkey PRIMARY KEY (session_key);


--
-- Name: auth_group_name_a6ea08ec_like; Type: INDEX; Schema: public; Owner: postgres
--

CREATE INDEX auth_group_name_a6ea08ec_like ON public.auth_group USING btree (name varchar_pattern_ops);


--
-- Name: auth_group_permissions_group_id_b120cbf9; Type: INDEX; Schema: public; Owner: postgres
--

CREATE INDEX auth_group_permissions_group_id_b120cbf9 ON public.auth_group_permissions USING btree (group_id);


--
-- Name: auth_group_permissions_permission_id_84c5c92e; Type: INDEX; Schema: public; Owner: postgres
--

CREATE INDEX auth_group_permissions_permission_id_84c5c92e ON public.auth_group_permissions USING btree (permission_id);


--
-- Name: auth_permission_content_type_id_2f476e4b; Type: INDEX; Schema: public; Owner: postgres
--

CREATE INDEX auth_permission_content_type_id_2f476e4b ON public.auth_permission USING btree (content_type_id);


--
-- Name: auth_user_groups_group_id_97559544; Type: INDEX; Schema: public; Owner: postgres
--

CREATE INDEX auth_user_groups_group_id_97559544 ON public.auth_user_groups USING btree (group_id);


--
-- Name: auth_user_groups_user_id_6a12ed8b; Type: INDEX; Schema: public; Owner: postgres
--

CREATE INDEX auth_user_groups_user_id_6a12ed8b ON public.auth_user_groups USING btree (user_id);


--
-- Name: auth_user_user_permissions_permission_id_1fbb5f2c; Type: INDEX; Schema: public; Owner: postgres
--

CREATE INDEX auth_user_user_permissions_permission_id_1fbb5f2c ON public.auth_user_user_permissions USING btree (permission_id);


--
-- Name: auth_user_user_permissions_user_id_a95ead1b; Type: INDEX; Schema: public; Owner: postgres
--

CREATE INDEX auth_user_user_permissions_user_id_a95ead1b ON public.auth_user_user_permissions USING btree (user_id);


--
-- Name: auth_user_username_6821ab7c_like; Type: INDEX; Schema: public; Owner: postgres
--

CREATE INDEX auth_user_username_6821ab7c_like ON public.auth_user USING btree (username varchar_pattern_ops);


--
-- Name: books_book_title_be31d1ef_like; Type: INDEX; Schema: public; Owner: postgres
--

CREATE INDEX books_book_title_be31d1ef_like ON public.books_book USING btree (title varchar_pattern_ops);


--
-- Name: django_admin_log_content_type_id_c4bce8eb; Type: INDEX; Schema: public; Owner: postgres
--

CREATE INDEX django_admin_log_content_type_id_c4bce8eb ON public.django_admin_log USING btree (content_type_id);


--
-- Name: django_admin_log_user_id_c564eba6; Type: INDEX; Schema: public; Owner: postgres
--

CREATE INDEX django_admin_log_user_id_c564eba6 ON public.django_admin_log USING btree (user_id);


--
-- Name: django_session_expire_date_a5c62663; Type: INDEX; Schema: public; Owner: postgres
--

CREATE INDEX django_session_expire_date_a5c62663 ON public.django_session USING btree (expire_date);


--
-- Name: django_session_session_key_c0390e0f_like; Type: INDEX; Schema: public; Owner: postgres
--

CREATE INDEX django_session_session_key_c0390e0f_like ON public.django_session USING btree (session_key varchar_pattern_ops);


--
-- Name: auth_group_permissions auth_group_permissio_permission_id_84c5c92e_fk_auth_perm; Type: FK CONSTRAINT; Schema: public; Owner: postgres
--

ALTER TABLE ONLY public.auth_group_permissions
    ADD CONSTRAINT auth_group_permissio_permission_id_84c5c92e_fk_auth_perm FOREIGN KEY (permission_id) REFERENCES public.auth_permission(id) DEFERRABLE INITIALLY DEFERRED;


--
-- Name: auth_group_permissions auth_group_permissions_group_id_b120cbf9_fk_auth_group_id; Type: FK CONSTRAINT; Schema: public; Owner: postgres
--

ALTER TABLE ONLY public.auth_group_permissions
    ADD CONSTRAINT auth_group_permissions_group_id_b120cbf9_fk_auth_group_id FOREIGN KEY (group_id) REFERENCES public.auth_group(id) DEFERRABLE INITIALLY DEFERRED;


--
-- Name: auth_permission auth_permission_content_type_id_2f476e4b_fk_django_co; Type: FK CONSTRAINT; Schema: public; Owner: postgres
--

ALTER TABLE ONLY public.auth_permission
    ADD CONSTRAINT auth_permission_content_type_id_2f476e4b_fk_django_co FOREIGN KEY (content_type_id) REFERENCES public.django_content_type(id) DEFERRABLE INITIALLY DEFERRED;


--
-- Name: auth_user_groups auth_user_groups_group_id_97559544_fk_auth_group_id; Type: FK CONSTRAINT; Schema: public; Owner: postgres
--

ALTER TABLE ONLY public.auth_user_groups
    ADD CONSTRAINT auth_user_groups_group_id_97559544_fk_auth_group_id FOREIGN KEY (group_id) REFERENCES public.auth_group(id) DEFERRABLE INITIALLY DEFERRED;


--
-- Name: auth_user_groups auth_user_groups_user_id_6a12ed8b_fk_auth_user_id; Type: FK CONSTRAINT; Schema: public; Owner: postgres
--

ALTER TABLE ONLY public.auth_user_groups
    ADD CONSTRAINT auth_user_groups_user_id_6a12ed8b_fk_auth_user_id FOREIGN KEY (user_id) REFERENCES public.auth_user(id) DEFERRABLE INITIALLY DEFERRED;


--
-- Name: auth_user_user_permissions auth_user_user_permi_permission_id_1fbb5f2c_fk_auth_perm; Type: FK CONSTRAINT; Schema: public; Owner: postgres
--

ALTER TABLE ONLY public.auth_user_user_permissions
    ADD CONSTRAINT auth_user_user_permi_permission_id_1fbb5f2c_fk_auth_perm FOREIGN KEY (permission_id) REFERENCES public.auth_permission(id) DEFERRABLE INITIALLY DEFERRED;


--
-- Name: auth_user_user_permissions auth_user_user_permissions_user_id_a95ead1b_fk_auth_user_id; Type: FK CONSTRAINT; Schema: public; Owner: postgres
--

ALTER TABLE ONLY public.auth_user_user_permissions
    ADD CONSTRAINT auth_user_user_permissions_user_id_a95ead1b_fk_auth_user_id FOREIGN KEY (user_id) REFERENCES public.auth_user(id) DEFERRABLE INITIALLY DEFERRED;


--
-- Name: django_admin_log django_admin_log_content_type_id_c4bce8eb_fk_django_co; Type: FK CONSTRAINT; Schema: public; Owner: postgres
--

ALTER TABLE ONLY public.django_admin_log
    ADD CONSTRAINT django_admin_log_content_type_id_c4bce8eb_fk_django_co FOREIGN KEY (content_type_id) REFERENCES public.django_content_type(id) DEFERRABLE INITIALLY DEFERRED;


--
-- Name: django_admin_log django_admin_log_user_id_c564eba6_fk_auth_user_id; Type: FK CONSTRAINT; Schema: public; Owner: postgres
--

ALTER TABLE ONLY public.django_admin_log
    ADD CONSTRAINT django_admin_log_user_id_c564eba6_fk_auth_user_id FOREIGN KEY (user_id) REFERENCES public.auth_user(id) DEFERRABLE INITIALLY DEFERRED;


--
-- PostgreSQL database dump complete
--

\unrestrict YmjJYWMeFEasWf7Y7TKpDx0xxmaBvz7dodrGOrz11eYdmAd9yuwQSPIFqQkOZo9

